level_0,course,haccuracy,latitude,longitude,speed,time,nickname,At,d,v
0,189.34296,12.0,41.365493525,2.1411508,1.308767,2018-11-08 06:44:48,mon_0002_peu_2,1.0,1.3340699735748804,1.3340699735748804
1,185.0656,8.0,41.365500465,2.14113776,1.09866,2018-11-08 06:44:49,mon_0002_peu_2,1.0,1.1226750163382972,1.1226750163382972
2,190.13922,8.0,41.365500576,2.141124308,1.167668,2018-11-08 06:44:50,mon_0002_peu_2,1.0,1.128270919694064,1.128270919694064
3,208.57666,8.0,41.365498982,2.141110956,1.214294,2018-11-08 06:44:51,mon_0002_peu_2,1.0,1.1327997344553256,1.1327997344553256
4,180.14954,8.0,41.365497106,2.141097614,1.23435,2018-11-08 06:44:52,mon_0002_peu_2,1.0,1.2436862185229585,1.2436862185229585
5,180.35892,6.0,41.365493139,2.14108368,1.275214,2018-11-08 06:44:53,mon_0002_peu_2,1.0,1.602207699644029,1.602207699644029
6,197.23578,6.0,41.365486704,2.141066502,1.342097,2018-11-08 06:44:54,mon_0002_peu_2,1.0,1.8807560851279037,1.8807560851279037
7,201.19855,6.0,41.365477584,2.141047522,1.408255,2018-11-08 06:44:55,mon_0002_peu_2,1.0,1.6806866013087234,1.6806866013087234
8,177.49254,6.0,41.365467283,2.141032784,1.52312,2018-11-08 06:44:56,mon_0002_peu_2,1.0,1.5238867025607652,1.5238867025607652
9,179.01047,6.0,41.365456477,2.141021553,2.015781,2018-11-08 06:44:57,mon_0002_peu_2,1.0,1.4778905584218422,1.4778905584218422
10,173.77975,6.0,41.365444765,2.141013181,2.317447,2018-11-08 06:44:58,mon_0002_peu_2,1.0,1.4784306906243863,1.4784306906243863
11,168.54417,6.0,41.365432753,2.141005586,2.248998,2018-11-08 06:44:59,mon_0002_peu_2,1.0,1.7652403386998337,1.7652403386998337
12,168.64853,6.0,41.36541741,2.141000155,2.313474,2018-11-08 06:45:00,mon_0002_peu_2,1.0,2.01831297164913,2.01831297164913
13,169.41248,4.0,41.365399447,2.140996682,2.320213,2018-11-08 06:45:01,mon_0002_peu_2,1.0,1.4817427349369838,1.4817427349369838
14,167.90465,4.0,41.365386122,2.140996855,2.218237,2018-11-08 06:45:02,mon_0002_peu_2,1.0,1.5886296474810038,1.5886296474810038
15,175.58968,6.0,41.36537184,2.140997353,2.148316,2018-11-08 06:45:03,mon_0002_peu_2,1.0,1.482032045118006,1.482032045118006
16,170.74014,6.0,41.365358523,2.140998082,2.10229,2018-11-08 06:45:04,mon_0002_peu_2,1.0,1.1858768362514263,1.1858768362514263
17,156.12909,6.0,41.365347866,2.140997537,2.046144,2018-11-08 06:45:05,mon_0002_peu_2,1.0,1.1022910511593444,1.1022910511593444
18,164.64438,4.0,41.365337976,2.140996635,1.994976,2018-11-08 06:45:06,mon_0002_peu_2,1.0,1.1290523282130887,1.1290523282130887
19,167.99847,4.0,41.36532784,2.140995834,1.985566,2018-11-08 06:45:07,mon_0002_peu_2,1.0,1.1334555836164333,1.1334555836164333
20,165.09097,4.0,41.365317676,2.140996865,1.986942,2018-11-08 06:45:08,mon_0002_peu_2,1.0,0.8501481962233048,0.8501481962233048
21,158.68619,6.0,41.365310031,2.140996741,2.008678,2018-11-08 06:45:09,mon_0002_peu_2,1.0,0.5852119280887804,0.5852119280887804
22,161.60364,6.0,41.365304774,2.140996408,1.950226,2018-11-08 06:45:10,mon_0002_peu_2,1.0,0.42166816692330256,0.42166816692330256
23,166.11227,6.0,41.365300985,2.140996202,1.822925,2018-11-08 06:45:11,mon_0002_peu_2,1.0,0.3204424451113605,0.3204424451113605
24,159.15404,6.0,41.365298105,2.140996066,1.773121,2018-11-08 06:45:12,mon_0002_peu_2,1.0,0.30065682000118205,0.30065682000118205
25,150.10422,6.0,41.365295404,2.1409959,2.043575,2018-11-08 06:45:13,mon_0002_peu_2,1.0,0.5548291959089201,0.5548291959089201
26,178.32834,3.0,41.365290426,2.140996355,2.235222,2018-11-08 06:45:14,mon_0002_peu_2,1.0,0.9081056572933487,0.9081056572933487
27,175.83789,3.0,41.365282391,2.140994408,2.077426,2018-11-08 06:45:15,mon_0002_peu_2,1.0,1.1167658447203008,1.1167658447203008
28,170.4184,4.0,41.365272472,2.140992309,1.964205,2018-11-08 06:45:16,mon_0002_peu_2,1.0,1.296278223328025,1.296278223328025
29,179.98212,4.0,41.365260924,2.140990183,1.878762,2018-11-08 06:45:17,mon_0002_peu_2,1.0,2.575252527693349,2.575252527693349
30,176.50592,31.773651,41.365238095,2.140984986,2.022664,2018-11-08 06:45:18,mon_0002_peu_2,1.0,3.3817299196180284,3.3817299196180284
31,179.07889,25.954367,41.365207761,2.140982074,2.096089,2018-11-08 06:45:19,mon_0002_peu_2,1.0,3.1534157423785567,3.1534157423785567
32,185.46881,27.018112,41.365179556,2.140978137,2.403039,2018-11-08 06:45:20,mon_0002_peu_2,1.0,2.9391635791664323,2.9391635791664323
33,185.36691,28.575817,41.365153206,2.140975356,2.323212,2018-11-08 06:45:21,mon_0002_peu_2,1.0,2.3718234159329525,2.3718234159329525
34,207.26376,29.683357,41.36513269,2.140967578,1.857208,2018-11-08 06:45:22,mon_0002_peu_2,1.0,2.2968629083003904,2.2968629083003904
35,200.96165,31.407187,41.365112363,2.140962684,1.746627,2018-11-08 06:45:23,mon_0002_peu_2,1.0,2.257626011187692,2.257626011187692
36,226.9498,31.501345,41.365093466,2.140952791,1.711111,2018-11-08 06:45:24,mon_0002_peu_2,1.0,3.2889686836937715,3.2889686836937715
37,173.99295,30.486172,41.365064356,2.140959777,1.750075,2018-11-08 06:45:25,mon_0002_peu_2,1.0,3.3093309539471787,3.3093309539471787
38,167.91849,29.745173,41.365035352,2.140968667,1.773389,2018-11-08 06:45:26,mon_0002_peu_2,1.0,3.087263189196591,3.087263189196591
39,168.75778,27.810184,41.36500834,2.140977221,1.76154,2018-11-08 06:45:27,mon_0002_peu_2,1.0,2.7301488321083665,2.7301488321083665
40,163.05434,26.7873,41.364984927,2.140987073,1.73121,2018-11-08 06:45:28,mon_0002_peu_2,1.0,2.4088602957543803,2.4088602957543803
41,164.08827,25.10884,41.364964458,2.140996525,1.68783,2018-11-08 06:45:29,mon_0002_peu_2,1.0,2.297187228699568,2.297187228699568
42,163.13245,22.231245,41.364945442,2.141007283,1.450219,2018-11-08 06:45:30,mon_0002_peu_2,1.0,1.9112656780354762,1.9112656780354762
43,166.79868,20.555187,41.36492963,2.141016263,1.266071,2018-11-08 06:45:31,mon_0002_peu_2,1.0,1.6936059924280262,1.6936059924280262
44,160.80814,20.083422,41.364915674,2.141024391,1.330231,2018-11-08 06:45:32,mon_0002_peu_2,1.0,1.8002137981829518,1.8002137981829518
45,158.86792,19.818703,41.364900949,2.141033357,1.392816,2018-11-08 06:45:33,mon_0002_peu_2,1.0,1.8152811207841235,1.8152811207841235
46,151.3404,19.488808,41.364886801,2.14104421,1.445628,2018-11-08 06:45:34,mon_0002_peu_2,1.0,1.7608743443806094,1.7608743443806094
47,154.52246,18.51716,41.364873075,2.141054733,1.461454,2018-11-08 06:45:35,mon_0002_peu_2,1.0,1.546284069772289,1.546284069772289
48,153.5747,17.736185,41.364860861,2.141063591,1.457737,2018-11-08 06:45:36,mon_0002_peu_2,1.0,1.175032512003341,1.175032512003341
49,153.76147,17.46799,41.364851157,2.141069165,1.235088,2018-11-08 06:45:37,mon_0002_peu_2,1.0,1.1279436625648387,1.1279436625648387
50,165.81778,17.621075,41.364841265,2.141072158,1.091353,2018-11-08 06:45:38,mon_0002_peu_2,1.0,1.299624694561116,1.299624694561116
51,164.79749,18.076475,41.364829797,2.141075164,1.214311,2018-11-08 06:45:39,mon_0002_peu_2,1.0,1.4368532979541828,1.4368532979541828
52,162.25952,17.49826,41.364817135,2.1410786,1.303305,2018-11-08 06:45:40,mon_0002_peu_2,1.0,1.4559375830203312,1.4559375830203312
53,165.32535,17.813831,41.364804188,2.141081203,1.364572,2018-11-08 06:45:41,mon_0002_peu_2,1.0,1.4673239221499295,1.4673239221499295
54,163.15839,17.974865,41.36479123,2.141084527,1.408626,2018-11-08 06:45:42,mon_0002_peu_2,1.0,1.5840478890708338,1.5840478890708338
55,169.31122,18.09724,41.364777026,2.141085978,1.447293,2018-11-08 06:45:43,mon_0002_peu_2,1.0,1.6351367819748002,1.6351367819748002
56,163.37976,18.208752,41.364762409,2.14108812,1.473849,2018-11-08 06:45:44,mon_0002_peu_2,1.0,1.672374438154171,1.672374438154171
57,162.11777,18.379902,41.364747486,2.141090615,1.488397,2018-11-08 06:45:45,mon_0002_peu_2,1.0,1.6284951418894882,1.6284951418894882
58,164.09314,18.51872,41.364732894,2.14109228,1.494829,2018-11-08 06:45:46,mon_0002_peu_2,1.0,1.6228410410195278,1.6228410410195278
59,163.01892,18.502544,41.364718342,2.141093764,1.493655,2018-11-08 06:45:47,mon_0002_peu_2,1.0,1.5720121891900198,1.5720121891900198
60,168.674,18.358788,41.364704213,2.141093113,1.486316,2018-11-08 06:45:48,mon_0002_peu_2,1.0,1.4643386481031502,1.4643386481031502
61,167.2597,18.088324,41.364691062,2.141092193,1.476462,2018-11-08 06:45:49,mon_0002_peu_2,1.0,1.3038736564264441,1.3038736564264441
62,163.26627,17.82476,41.364679336,2.14109222,1.461771,2018-11-08 06:45:50,mon_0002_peu_2,1.0,1.1834054331011545,1.1834054331011545
63,168.54405,17.516495,41.364668718,2.141091256,1.446534,2018-11-08 06:45:51,mon_0002_peu_2,1.0,1.3261430341651674,1.3261430341651674
64,170.89297,16.406828,41.364656805,2.141090506,1.441519,2018-11-08 06:45:52,mon_0002_peu_2,1.0,1.4254259419160236,1.4254259419160236
65,171.5888,16.219385,41.364644067,2.141088587,1.442273,2018-11-08 06:45:53,mon_0002_peu_2,1.0,1.5341958987214637,1.5341958987214637
66,175.50789,16.045444,41.364630452,2.141085608,1.453543,2018-11-08 06:45:54,mon_0002_peu_2,1.0,1.4175567174041046,1.4175567174041046
67,176.01035,15.781546,41.364617913,2.141082542,1.244592,2018-11-08 06:45:55,mon_0002_peu_2,1.0,1.6426200785676255,1.6426200785676255
68,172.19974,16.565342,41.364603161,2.141081507,1.435912,2018-11-08 06:45:56,mon_0002_peu_2,1.0,1.9278829514176075,1.9278829514176075
69,168.17484,16.528341,41.364585855,2.141082907,1.849048,2018-11-08 06:45:57,mon_0002_peu_2,1.0,2.185574429007592,2.185574429007592
70,169.18327,16.58001,41.364566252,2.141084817,2.160231,2018-11-08 06:45:58,mon_0002_peu_2,1.0,2.17825684595208,2.17825684595208
71,169.50644,16.806856,41.364546707,2.141086576,2.095606,2018-11-08 06:45:59,mon_0002_peu_2,1.0,1.7685985075095325,1.7685985075095325
72,158.59747,16.809572,41.364531245,2.141091545,1.7009,2018-11-08 06:46:00,mon_0002_peu_2,1.0,1.7073321063173759,1.7073321063173759
73,165.96298,16.829258,41.364516002,2.141094005,1.629538,2018-11-08 06:46:01,mon_0002_peu_2,1.0,1.6867094998685723,1.6867094998685723
74,173.24072,17.136171,41.36450085,2.14109305,1.564788,2018-11-08 06:46:02,mon_0002_peu_2,1.0,1.6630852997911862,1.6630852997911862
75,170.63705,17.438519,41.364485944,2.141091414,1.557909,2018-11-08 06:46:03,mon_0002_peu_2,1.0,1.7330930221876497,1.7330930221876497
76,175.89755,17.778599,41.364470693,2.141087131,1.613709,2018-11-08 06:46:04,mon_0002_peu_2,1.0,1.7511413725918072,1.7511413725918072
77,176.21558,18.115208,41.364455222,2.14108321,1.649047,2018-11-08 06:46:05,mon_0002_peu_2,1.0,1.8737981386632352,1.8737981386632352
78,167.41809,18.190037,41.364438477,2.14108069,1.880623,2018-11-08 06:46:06,mon_0002_peu_2,1.0,2.0654365292230943,2.0654365292230943
79,179.67076,18.102402,41.364420888,2.141072734,2.057383,2018-11-08 06:46:07,mon_0002_peu_2,1.0,1.729213071355267,1.729213071355267
80,168.5623,17.837051,41.364405664,2.141068506,1.98065,2018-11-08 06:46:08,mon_0002_peu_2,1.0,1.7521707186220161,1.7521707186220161
81,180.95723,17.646423,41.364390624,2.141062242,1.921615,2018-11-08 06:46:09,mon_0002_peu_2,1.0,1.6828036805784248,1.6828036805784248
82,189.45561,17.410143,41.364376345,2.141055561,1.851613,2018-11-08 06:46:10,mon_0002_peu_2,1.0,1.560562682069121,1.560562682069121
83,193.10605,16.06223,41.364363262,2.141048793,1.744889,2018-11-08 06:46:11,mon_0002_peu_2,1.0,1.3322006758423233,1.3322006758423233
84,191.70294,15.604059,41.364351987,2.141043395,1.631061,2018-11-08 06:46:12,mon_0002_peu_2,1.0,1.1815080822105275,1.1815080822105275
85,182.36595,15.01809,41.3643414,2.14104219,1.544467,2018-11-08 06:46:13,mon_0002_peu_2,1.0,1.1624296453164464,1.1624296453164464
86,173.77936,14.42189,41.364331019,2.141043833,1.50511,2018-11-08 06:46:14,mon_0002_peu_2,1.0,1.2469460760904403,1.2469460760904403
87,178.2786,15.012084,41.364319805,2.14104388,1.521826,2018-11-08 06:46:15,mon_0002_peu_2,1.0,1.440967414093292,1.440967414093292
88,180.56726,14.94801,41.364306847,2.141044087,1.549316,2018-11-08 06:46:16,mon_0002_peu_2,1.0,1.5587246467539548,1.5587246467539548
89,184.16399,14.969034,41.364292832,2.141043704,1.628671,2018-11-08 06:46:17,mon_0002_peu_2,1.0,1.7039657216153288,1.7039657216153288
90,179.51372,15.137111,41.364277542,2.141045066,1.656767,2018-11-08 06:46:18,mon_0002_peu_2,1.0,1.7268650754529153,1.7268650754529153
91,178.0157,15.315166,41.364262101,2.141047279,1.601077,2018-11-08 06:46:19,mon_0002_peu_2,1.0,1.6610521552859163,1.6610521552859163
92,179.42938,15.179925,41.364247262,2.141049569,1.559105,2018-11-08 06:46:20,mon_0002_peu_2,1.0,1.7660395454607236,1.7660395454607236
93,179.0086,15.039204,41.364231466,2.141051773,1.540289,2018-11-08 06:46:21,mon_0002_peu_2,1.0,1.940067289794387,1.940067289794387
94,183.84766,14.64462,41.364214048,2.141053123,1.546007,2018-11-08 06:46:22,mon_0002_peu_2,1.0,1.8730632360101926,1.8730632360101926
95,183.6517,14.193946,41.364197234,2.141054481,1.339834,2018-11-08 06:46:23,mon_0002_peu_2,1.0,1.720165264290945,1.720165264290945
96,166.94865,14.089947,41.364182194,2.141059306,1.203712,2018-11-08 06:46:24,mon_0002_peu_2,1.0,1.8564721849407282,1.8564721849407282
97,163.31464,13.795145,41.364166179,2.141065593,1.330768,2018-11-08 06:46:25,mon_0002_peu_2,1.0,1.9692151055835327,1.9692151055835327
98,157.92415,13.614523,41.364149663,2.141074109,1.396867,2018-11-08 06:46:26,mon_0002_peu_2,1.0,2.0193612778257806,2.0193612778257806
99,157.13797,12.314537,41.364132761,2.14108296,1.433194,2018-11-08 06:46:27,mon_0002_peu_2,1.0,2.017371871507001,2.017371871507001
100,168.60208,11.869118,41.364115106,2.141088527,1.481792,2018-11-08 06:46:28,mon_0002_peu_2,1.0,2.3441952177187253,2.3441952177187253
101,175.23837,11.456326,41.364094268,2.141092787,1.937765,2018-11-08 06:46:29,mon_0002_peu_2,1.0,2.469827658420836,2.469827658420836
102,172.37222,11.122795,41.364072439,2.141098257,2.257423,2018-11-08 06:46:30,mon_0002_peu_2,1.0,2.3549059143622593,2.3549059143622593
103,170.23027,10.651019,41.364051966,2.141105478,2.137127,2018-11-08 06:46:31,mon_0002_peu_2,1.0,2.176613120829573,2.176613120829573
104,180.616,9.927015,41.364032728,2.141110295,2.079106,2018-11-08 06:46:32,mon_0002_peu_2,1.0,1.8994631991534487,1.8994631991534487
105,177.43996,9.358158,41.364016379,2.141116892,1.96103,2018-11-08 06:46:33,mon_0002_peu_2,1.0,1.645077942176256,1.645077942176256
106,179.68825,8.383089,41.364002947,2.141125155,1.811055,2018-11-08 06:46:34,mon_0002_peu_2,1.0,1.284051903030033,1.284051903030033
107,197.59079,9.056648,41.363991412,2.141124432,1.710116,2018-11-08 06:46:35,mon_0002_peu_2,1.0,1.2816228622179429,1.2816228622179429
108,193.98862,9.061439,41.36397995,2.141122817,1.61634,2018-11-08 06:46:36,mon_0002_peu_2,1.0,1.2607502546066172,1.2607502546066172
109,189.72427,9.240214,41.363968652,2.141121546,1.510084,2018-11-08 06:46:37,mon_0002_peu_2,1.0,1.2600803068720763,1.2600803068720763
110,180.78363,9.468502,41.363957357,2.141122768,1.441982,2018-11-08 06:46:38,mon_0002_peu_2,1.0,1.3789747482921892,1.3789747482921892
111,175.40784,9.681926,41.363945074,2.141125046,1.495748,2018-11-08 06:46:39,mon_0002_peu_2,1.0,1.4841457573557129,1.4841457573557129
112,166.6152,9.976301,41.363932081,2.141129116,1.515438,2018-11-08 06:46:40,mon_0002_peu_2,1.0,1.4529198182597676,1.4529198182597676
113,159.34293,10.275501,41.363919683,2.141134613,1.442763,2018-11-08 06:46:41,mon_0002_peu_2,1.0,1.4420757166729232,1.4420757166729232
114,144.85693,10.576653,41.363908537,2.141143447,1.45875,2018-11-08 06:46:42,mon_0002_peu_2,1.0,1.5057475121250854,1.5057475121250854
115,143.55505,10.846746,41.363896962,2.141152811,1.531445,2018-11-08 06:46:43,mon_0002_peu_2,1.0,1.886603899023476,1.886603899023476
116,160.70956,11.014554,41.363880412,2.14115779,1.92028,2018-11-08 06:46:44,mon_0002_peu_2,1.0,2.099787070647921,2.099787070647921
117,161.44102,10.862212,41.363861716,2.14116133,2.191896,2018-11-08 06:46:45,mon_0002_peu_2,1.0,2.0159806373199256,2.0159806373199256
118,170.43607,10.131681,41.363843797,2.141157654,2.010329,2018-11-08 06:46:46,mon_0002_peu_2,1.0,1.6568948946348503,1.6568948946348503
119,171.13828,9.486028,41.363829313,2.141152991,1.62192,2018-11-08 06:46:47,mon_0002_peu_2,1.0,1.6174156526293535,1.6174156526293535
120,169.1146,9.011419,41.363814892,2.141150458,1.56529,2018-11-08 06:46:48,mon_0002_peu_2,1.0,1.8703193364893347,1.8703193364893347
121,180.43323,9.02763,41.363798327,2.141146569,1.821363,2018-11-08 06:46:49,mon_0002_peu_2,1.0,1.9287879166504212,1.9287879166504212
122,178.21085,9.045211,41.363781062,2.141144338,1.891065,2018-11-08 06:46:50,mon_0002_peu_2,1.0,1.9601404247843766,1.9601404247843766
123,183.04982,9.132292,41.363763609,2.141141037,1.918579,2018-11-08 06:46:51,mon_0002_peu_2,1.0,1.5567156186318747,1.5567156186318747
124,183.21526,9.328181,41.363749791,2.14113804,1.612176,2018-11-08 06:46:52,mon_0002_peu_2,1.0,0.9242532531586013,0.9242532531586013
125,174.87035,9.473099,41.363741511,2.141137069,1.116019,2018-11-08 06:46:53,mon_0002_peu_2,1.0,0.5205556513918859,0.5205556513918859
126,175.02095,9.576731,41.363736921,2.141135842,0.76653,2018-11-08 06:46:54,mon_0002_peu_2,1.0,0.5715065072510441,0.5715065072510441
127,173.17542,9.649587,41.363731827,2.141134931,0.804199,2018-11-08 06:46:55,mon_0002_peu_2,1.0,0.6504804776666057,0.6504804776666057
128,173.35974,9.721113,41.363726027,2.141133915,0.832878,2018-11-08 06:46:56,mon_0002_peu_2,1.0,0.6122953758580233,0.6122953758580233
129,177.1247,9.569227,41.363720632,2.141132446,0.788192,2018-11-08 06:46:57,mon_0002_peu_2,1.0,0.812586071670119,0.812586071670119
130,177.71625,9.453039,41.363713385,2.141131193,1.013635,2018-11-08 06:46:58,mon_0002_peu_2,1.0,1.0151736060307275,1.0151736060307275
131,177.79904,9.551517,41.363704267,2.141130578,1.161102,2018-11-08 06:46:59,mon_0002_peu_2,1.0,1.0883585271638023,1.0883585271638023
132,177.92322,9.646749,41.363694499,2.141129748,1.226582,2018-11-08 06:47:00,mon_0002_peu_2,1.0,1.1929645386509908,1.1929645386509908
133,170.99352,9.735922,41.363683775,2.141130166,1.283167,2018-11-08 06:47:01,mon_0002_peu_2,1.0,1.2399208329753093,1.2399208329753093
134,165.9864,9.815363,41.363672686,2.141131729,1.335272,2018-11-08 06:47:02,mon_0002_peu_2,1.0,1.2297091116136927,1.2297091116136927
135,154.61298,8.539759,41.363661934,2.141135177,1.373096,2018-11-08 06:47:03,mon_0002_peu_2,1.0,0.988320859765885,0.988320859765885
136,155.2622,7.649059,41.363653046,2.141135253,1.162166,2018-11-08 06:47:04,mon_0002_peu_2,1.0,1.0099123093655726,1.0099123093655726
137,150.50536,6.919005,41.36364398,2.141135979,1.036346,2018-11-08 06:47:05,mon_0002_peu_2,1.0,1.2163133568211946,1.2163133568211946
138,158.97852,6.369261,41.363633047,2.141136444,1.167018,2018-11-08 06:47:06,mon_0002_peu_2,1.0,1.3134225749114607,1.3134225749114607
139,161.03432,5.986705,41.363621278,2.141137784,1.258841,2018-11-08 06:47:07,mon_0002_peu_2,1.0,1.251253265440946,1.251253265440946
140,158.4484,6.003961,41.363610363,2.14114143,1.307223,2018-11-08 06:47:08,mon_0002_peu_2,1.0,1.2886253197548534,1.2886253197548534
141,164.21219,6.029753,41.36359897,2.141144257,1.341806,2018-11-08 06:47:09,mon_0002_peu_2,1.0,1.3377114557993048,1.3377114557993048
142,163.75392,6.056631,41.36358714,2.14114717,1.371364,2018-11-08 06:47:10,mon_0002_peu_2,1.0,1.3052902327620783,1.3052902327620783
143,163.2905,6.087667,41.363575622,2.141150189,1.384591,2018-11-08 06:47:11,mon_0002_peu_2,1.0,1.1832489401496837,1.1832489401496837
144,156.96129,5.79741,41.363565318,2.14115373,1.392912,2018-11-08 06:47:12,mon_0002_peu_2,1.0,1.143528685182601,1.143528685182601
145,152.7122,5.577933,41.363555682,2.141158517,1.389603,2018-11-08 06:47:13,mon_0002_peu_2,1.0,1.153083362717813,1.153083362717813
146,148.61722,5.408441,41.363546373,2.141164605,1.387112,2018-11-08 06:47:14,mon_0002_peu_2,1.0,0.983496303426606,0.983496303426606
147,148.77824,5.265229,41.363538506,2.141169991,1.179519,2018-11-08 06:47:15,mon_0002_peu_2,1.0,0.9297949080802218,0.9297949080802218
148,143.37299,5.142606,41.363531419,2.141175904,1.039198,2018-11-08 06:47:16,mon_0002_peu_2,1.0,1.0804490688479684,1.0804490688479684
149,135.92636,5.044867,41.363523965,2.141184209,1.158543,2018-11-08 06:47:17,mon_0002_peu_2,1.0,1.2245167341332968,1.2245167341332968
150,130.39323,4.970568,41.363516086,2.14119446,1.240603,2018-11-08 06:47:18,mon_0002_peu_2,1.0,1.2754586240018744,1.2754586240018744
151,126.68182,4.913017,41.363508226,2.141205591,1.295634,2018-11-08 06:47:19,mon_0002_peu_2,1.0,1.261794234004885,1.261794234004885
152,123.97952,4.870432,41.363500867,2.1412171,1.330043,2018-11-08 06:47:20,mon_0002_peu_2,1.0,1.30128921528277,1.30128921528277
153,127.52822,4.850477,41.363492826,2.141228429,1.353111,2018-11-08 06:47:21,mon_0002_peu_2,1.0,1.3619347666728963,1.3619347666728963
154,131.7958,4.84649,41.363483724,2.141239349,1.37972,2018-11-08 06:47:22,mon_0002_peu_2,1.0,1.351566334427424,1.351566334427424
155,127.041504,4.843737,41.36347529,2.141251011,1.395943,2018-11-08 06:47:23,mon_0002_peu_2,1.0,1.4288131806483415,1.4288131806483415
156,126.67056,4.850653,41.363466365,2.141263328,1.410945,2018-11-08 06:47:24,mon_0002_peu_2,1.0,1.4877784959096854,1.4877784959096854
157,123.67238,4.865112,41.363457382,2.14127654,1.430059,2018-11-08 06:47:25,mon_0002_peu_2,1.0,1.3123308197807133,1.3123308197807133
158,124.00807,4.865139,41.363449212,2.141287888,1.225195,2018-11-08 06:47:26,mon_0002_peu_2,1.0,1.1568094777381195,1.1568094777381195
159,124.59483,4.859017,41.363441701,2.141297479,1.078423,2018-11-08 06:47:27,mon_0002_peu_2,1.0,1.279374293163723,1.279374293163723
160,126.09918,4.862757,41.363433402,2.141308097,1.189487,2018-11-08 06:47:28,mon_0002_peu_2,1.0,1.3357326343132938,1.3357326343132938
161,123.21342,4.8601,41.363425161,2.141319742,1.270312,2018-11-08 06:47:29,mon_0002_peu_2,1.0,1.4482871217084445,1.4482871217084445
162,125.04379,4.875702,41.363415948,2.141332009,1.329446,2018-11-08 06:47:30,mon_0002_peu_2,1.0,1.5151027669905883,1.5151027669905883
163,127.05217,4.895749,41.363406116,2.141344578,1.365396,2018-11-08 06:47:31,mon_0002_peu_2,1.0,1.5239614290232832,1.5239614290232832
164,132.21082,4.90884,41.36339586,2.141356691,1.393216,2018-11-08 06:47:32,mon_0002_peu_2,1.0,1.4049323255383905,1.4049323255383905
165,120.4254,4.919129,41.363388347,2.141370226,1.408961,2018-11-08 06:47:33,mon_0002_peu_2,1.0,1.3883391936946392,1.3883391936946392
166,127.57704,5.091555,41.363380345,2.141382996,1.424287,2018-11-08 06:47:34,mon_0002_peu_2,1.0,1.3473746076170063,1.3473746076170063
167,136.4656,5.24782,41.363371486,2.141394011,1.427475,2018-11-08 06:47:35,mon_0002_peu_2,1.0,1.3260022795202566,1.3260022795202566
168,143.77737,5.384678,41.3633619,2.141403462,1.427127,2018-11-08 06:47:36,mon_0002_peu_2,1.0,1.1830750926770794,1.1830750926770794
169,143.67401,5.499266,41.363353552,2.141412251,1.217748,2018-11-08 06:47:37,mon_0002_peu_2,1.0,1.088096645122681,1.088096645122681
170,135.99773,5.365069,41.36334718,2.141422146,1.066751,2018-11-08 06:47:38,mon_0002_peu_2,1.0,1.178493982677311,1.178493982677311
171,121.41609,5.259389,41.363342116,2.141434551,1.180974,2018-11-08 06:47:39,mon_0002_peu_2,1.0,1.3348525975166035,1.3348525975166035
172,128.46896,5.216854,41.363334706,2.141447135,1.264647,2018-11-08 06:47:40,mon_0002_peu_2,1.0,1.3587818000344458,1.3587818000344458
173,142.50908,5.170991,41.363325182,2.141457336,1.321525,2018-11-08 06:47:41,mon_0002_peu_2,1.0,1.419814791636552,1.419814791636552
174,143.21815,5.137826,41.363315106,2.141467786,1.36981,2018-11-08 06:47:42,mon_0002_peu_2,1.0,1.4866032727233678,1.4866032727233678
175,136.9571,5.118032,41.363305218,2.141479775,1.401041,2018-11-08 06:47:43,mon_0002_peu_2,1.0,1.5028939644099175,1.5028939644099175
176,139.33951,5.069258,41.363294693,2.141491073,1.418083,2018-11-08 06:47:44,mon_0002_peu_2,1.0,1.4450078873515715,1.4450078873515715
177,141.20105,5.02964,41.363284209,2.141501304,1.419562,2018-11-08 06:47:45,mon_0002_peu_2,1.0,1.455492240347429,1.455492240347429
178,140.59784,4.997772,41.363273465,2.141511266,1.429178,2018-11-08 06:47:46,mon_0002_peu_2,1.0,1.465658375983777,1.465658375983777
179,142.69034,4.969151,41.363262353,2.141520712,1.437471,2018-11-08 06:47:47,mon_0002_peu_2,1.0,1.3622532282631656,1.3622532282631656
180,142.92303,4.941952,41.36325193,2.14152929,1.23051,2018-11-08 06:47:48,mon_0002_peu_2,1.0,1.287799224701406,1.287799224701406
181,141.1363,4.911119,41.363242098,2.141537445,1.08739,2018-11-08 06:47:49,mon_0002_peu_2,1.0,1.4070257386572245,1.4070257386572245
182,140.46857,4.890184,41.363231409,2.141546468,1.201538,2018-11-08 06:47:50,mon_0002_peu_2,1.0,1.486467059166577,1.486467059166577
183,144.04404,4.347337,41.363219816,2.141555337,1.281442,2018-11-08 06:47:51,mon_0002_peu_2,1.0,1.587691223917526,1.587691223917526
184,143.77489,4.278653,41.363207545,2.141565064,1.343928,2018-11-08 06:47:52,mon_0002_peu_2,1.0,1.651275070821541,1.651275070821541
185,148.73491,4.196759,41.363194305,2.141574025,1.388326,2018-11-08 06:47:53,mon_0002_peu_2,1.0,1.6724416149918238,1.6724416149918238
186,143.45702,4.111177,41.363181276,2.141584037,1.424243,2018-11-08 06:47:54,mon_0002_peu_2,1.0,1.651388937701621,1.651388937701621
187,130.64175,4.044057,41.363169813,2.141596618,1.459945,2018-11-08 06:47:55,mon_0002_peu_2,1.0,1.6214589742830114,1.6214589742830114
188,138.43755,3.995999,41.363157715,2.141607465,1.464975,2018-11-08 06:47:56,mon_0002_peu_2,1.0,1.6401295966391705,1.6401295966391705
189,135.53226,3.965107,41.363145761,2.141618978,1.458959,2018-11-08 06:47:57,mon_0002_peu_2,1.0,1.6302028792916992,1.6302028792916992
190,127.96544,3.939415,41.36313475,2.141631875,1.469485,2018-11-08 06:47:58,mon_0002_peu_2,1.0,1.6461181357812065,1.6461181357812065
191,136.02792,3.922561,41.363122559,2.141643065,1.477892,2018-11-08 06:47:59,mon_0002_peu_2,1.0,1.434119776669951,1.434119776669951
192,136.4719,3.897639,41.363111692,2.14165232,1.26094,2018-11-08 06:48:00,mon_0002_peu_2,1.0,1.289442505735477,1.289442505735477
193,136.99976,3.863851,41.363101764,2.141660304,1.108504,2018-11-08 06:48:01,mon_0002_peu_2,1.0,1.2902177638269337,1.2902177638269337
194,135.50616,3.847742,41.363092069,2.141668798,1.215906,2018-11-08 06:48:02,mon_0002_peu_2,1.0,1.4093453490540406,1.4093453490540406
195,139.65683,3.839333,41.363081166,2.141677409,1.296322,2018-11-08 06:48:03,mon_0002_peu_2,1.0,1.527813144872725,1.527813144872725
196,148.2789,3.832861,41.363068629,2.1416849,1.353555,2018-11-08 06:48:04,mon_0002_peu_2,1.0,1.6165211690059733,1.6165211690059733
197,159.79204,3.824729,41.363054561,2.141689784,1.395067,2018-11-08 06:48:05,mon_0002_peu_2,1.0,1.6862628665244184,1.6862628665244184
198,171.58046,3.804704,41.363039462,2.141691666,1.431956,2018-11-08 06:48:06,mon_0002_peu_2,1.0,1.6312631503376942,1.6312631503376942
199,151.81946,3.81145,41.363025692,2.141698408,1.456542,2018-11-08 06:48:07,mon_0002_peu_2,1.0,1.6018885571438624,1.6018885571438624
200,140.11209,3.819924,41.363013331,2.141708266,1.469517,2018-11-08 06:48:08,mon_0002_peu_2,1.0,1.550359408329651,1.550359408329651
201,144.92192,3.826373,41.363000918,2.141716726,1.462681,2018-11-08 06:48:09,mon_0002_peu_2,1.0,1.5740439281857082,1.5740439281857082
202,150.08179,3.834624,41.362987972,2.141724355,1.464894,2018-11-08 06:48:10,mon_0002_peu_2,2.0,1.5631336601721921,0.7815668300860961
203,148.39372,3.841328,41.362975453,2.141732875,1.470948,2018-11-08 06:48:12,mon_0002_peu_2,1.0,1.5107833378487414,1.5107833378487414
204,139.5626,3.844479,41.36296439,2.141743384,1.42592,2018-11-08 06:48:13,mon_0002_peu_2,1.0,1.5125270563660929,1.5125270563660929
205,152.36626,3.841825,41.362951964,2.141750757,1.401615,2018-11-08 06:48:14,mon_0002_peu_2,1.0,1.348824955486233,1.348824955486233
206,152.617,3.83565,41.362940694,2.141756735,1.210399,2018-11-08 06:48:15,mon_0002_peu_2,1.0,1.241384275003149,1.241384275003149
207,160.91135,3.820789,41.362929902,2.141760543,1.080629,2018-11-08 06:48:16,mon_0002_peu_2,1.0,1.365008036198165,1.365008036198165
208,160.83905,3.813882,41.362918123,2.141765149,1.208216,2018-11-08 06:48:17,mon_0002_peu_2,1.0,1.4798033226978655,1.4798033226978655
209,186.76819,3.785768,41.362904815,2.141765054,1.302389,2018-11-08 06:48:18,mon_0002_peu_2,1.0,1.3750425715255261,1.3750425715255261
210,186.43225,3.761714,41.362892504,2.141766607,1.155082,2018-11-08 06:48:19,mon_0002_peu_2,1.0,1.4656436159384232,1.4656436159384232
211,163.02945,3.763267,41.362880494,2.141773843,1.155281,2018-11-08 06:48:20,mon_0002_peu_2,1.0,1.7402294388942272,1.7402294388942272
212,130.80128,3.748961,41.362869618,2.141788837,1.382078,2018-11-08 06:48:21,mon_0002_peu_2,1.0,1.817345006300064,1.817345006300064
213,163.3498,3.765816,41.362854531,2.141797211,1.430651,2018-11-08 06:48:22,mon_0002_peu_2,1.0,1.8093154288830577,1.8093154288830577
214,164.48087,3.780949,41.362839395,2.141805168,1.470961,2018-11-08 06:48:23,mon_0002_peu_2,1.0,1.8034684334136681,1.8034684334136681
215,166.24266,3.796086,41.362824234,2.141812845,1.507013,2018-11-08 06:48:24,mon_0002_peu_2,1.0,1.7981945867417222,1.7981945867417222
216,153.72505,3.810151,41.362810255,2.141823678,1.519542,2018-11-08 06:48:25,mon_0002_peu_2,1.0,1.785848894295351,1.785848894295351
217,148.8443,3.81524,41.362796958,2.141835679,1.529271,2018-11-08 06:48:26,mon_0002_peu_2,1.0,1.547153825380639,1.547153825380639
218,148.69153,3.810047,41.362785472,2.141846142,1.309757,2018-11-08 06:48:27,mon_0002_peu_2,1.0,1.3426578433077212,1.3426578433077212
219,156.39978,3.800843,41.362774821,2.141853721,1.150449,2018-11-08 06:48:28,mon_0002_peu_2,1.0,1.3976200053461754,1.3976200053461754
220,149.84084,3.796627,41.362764171,2.141862615,1.259871,2018-11-08 06:48:29,mon_0002_peu_2,1.0,1.4466103585507328,1.4466103585507328
221,148.32922,3.795455,41.362753275,2.141872086,1.326105,2018-11-08 06:48:30,mon_0002_peu_2,1.0,1.4695606208393697,1.4695606208393697
222,150.90828,3.797565,41.3627419,2.141881051,1.369551,2018-11-08 06:48:31,mon_0002_peu_2,1.0,1.488275966943767,1.488275966943767
223,158.95798,3.801185,41.362729657,2.141888257,1.41005,2018-11-08 06:48:32,mon_0002_peu_2,1.0,1.575460376608074,1.575460376608074
224,158.48538,3.817459,41.362716903,2.141896479,1.440323,2018-11-08 06:48:33,mon_0002_peu_2,1.0,1.5948264100742993,1.5948264100742993
225,151.56622,3.831652,41.362704801,2.141906735,1.456644,2018-11-08 06:48:34,mon_0002_peu_2,1.0,1.549676393268383,1.549676393268383
226,149.16861,3.843333,41.362693394,2.141917403,1.461377,2018-11-08 06:48:35,mon_0002_peu_2,1.0,1.471972262178493,1.471972262178493
227,147.20801,3.852677,41.362682817,2.141928009,1.450442,2018-11-08 06:48:36,mon_0002_peu_2,1.0,1.4273827919822184,1.4273827919822184
228,139.36327,3.843454,41.36267357,2.141939872,1.443879,2018-11-08 06:48:37,mon_0002_peu_2,1.0,1.4987621882549242,1.4987621882549242
229,136.94795,3.838224,41.362664195,2.141952775,1.464138,2018-11-08 06:48:38,mon_0002_peu_2,1.0,1.4199504722602478,1.4199504722602478
230,148.57933,3.840972,41.362653654,2.141962379,1.459971,2018-11-08 06:48:39,mon_0002_peu_2,1.0,1.1407663958180285,1.1407663958180285
231,148.55318,3.832919,41.362645081,2.141969887,1.223407,2018-11-08 06:48:40,mon_0002_peu_2,1.0,1.0909560714300126,1.0909560714300126
232,157.273,3.827397,41.362636337,2.141975816,1.076736,2018-11-08 06:48:41,mon_0002_peu_2,1.0,1.2080763141019992,1.2080763141019992
233,165.0672,3.822161,41.362626101,2.141980668,1.189626,2018-11-08 06:48:42,mon_0002_peu_2,1.0,1.33603779900006,1.33603779900006
234,167.08575,3.821958,41.362614691,2.141985685,1.281084,2018-11-08 06:48:43,mon_0002_peu_2,1.0,1.4286457213089154,1.4286457213089154
235,164.19681,3.825512,41.362602688,2.141991791,1.345819,2018-11-08 06:48:44,mon_0002_peu_2,1.0,1.556413779874453,1.556413779874453
236,158.12952,3.833701,41.362590196,2.142000204,1.390091,2018-11-08 06:48:45,mon_0002_peu_2,1.0,1.6172362296796206,1.6172362296796206
237,141.9159,3.835662,41.36257903,2.142012621,1.420415,2018-11-08 06:48:46,mon_0002_peu_2,1.0,1.6548814147108322,1.6548814147108322
238,145.14146,3.843368,41.362567019,2.14202433,1.446137,2018-11-08 06:48:47,mon_0002_peu_2,1.0,1.6215515760700963,1.6215515760700963
239,154.77196,3.853324,41.362554032,2.142033168,1.454019,2018-11-08 06:48:48,mon_0002_peu_2,1.0,1.6422643101893846,1.6422643101893846
240,148.86911,3.849597,41.36254134,2.142043231,1.462051,2018-11-08 06:48:49,mon_0002_peu_2,1.0,1.6601479163169481,1.6601479163169481
241,144.64865,3.847632,41.362528989,2.142054407,1.473687,2018-11-08 06:48:50,mon_0002_peu_2,1.0,1.6434548288157464,1.6434548288157464
242,140.99368,3.842328,41.362517201,2.142066286,1.477484,2018-11-08 06:48:51,mon_0002_peu_2,1.0,1.5849671023394292,1.5849671023394292
243,152.51755,3.841679,41.362504545,2.142075023,1.475548,2018-11-08 06:48:52,mon_0002_peu_2,1.0,1.5794008763911256,1.5794008763911256
244,157.75418,3.840163,41.362491385,2.142082144,1.478595,2018-11-08 06:48:53,mon_0002_peu_2,1.0,1.4170363644391668,1.4170363644391668
245,157.86038,3.827462,41.362479472,2.142088174,1.26902,2018-11-08 06:48:54,mon_0002_peu_2,1.0,1.3001988024659905,1.3001988024659905
246,160.1716,3.809253,41.362468343,2.142092954,1.115746,2018-11-08 06:48:55,mon_0002_peu_2,1.0,1.4687180785945162,1.4687180785945162
247,166.98277,3.797776,41.362455466,2.142096872,1.260049,2018-11-08 06:48:56,mon_0002_peu_2,1.0,1.8780816559375642,1.8780816559375642
248,167.51544,3.809072,41.362438989,2.142101818,1.712994,2018-11-08 06:48:57,mon_0002_peu_2,1.0,1.895641788634038,1.895641788634038
249,167.46274,3.824349,41.362422424,2.142107186,1.777111,2018-11-08 06:48:58,mon_0002_peu_2,1.0,1.5875444165240118,1.5875444165240118
250,153.06363,3.825217,41.362409566,2.142115454,1.480571,2018-11-08 06:48:59,mon_0002_peu_2,1.0,1.5785796334587459,1.5785796334587459
251,173.45415,3.822516,41.362395511,2.142118118,1.502895,2018-11-08 06:49:00,mon_0002_peu_2,1.0,1.6090149224188872,1.6090149224188872
252,179.10345,3.818474,41.362381056,2.142119002,1.508124,2018-11-08 06:49:01,mon_0002_peu_2,1.0,1.6292875529676898,1.6292875529676898
253,180.15971,3.816836,41.36236641,2.142119585,1.497548,2018-11-08 06:49:02,mon_0002_peu_2,1.0,1.5761447506586823,1.5761447506586823
254,190.50226,3.806699,41.362352326,2.142117453,1.487776,2018-11-08 06:49:03,mon_0002_peu_2,1.0,1.480563057931802,1.480563057931802
255,203.41113,3.930645,41.362339783,2.1421115,1.487496,2018-11-08 06:49:04,mon_0002_peu_2,1.0,1.4791671889501308,1.4791671889501308
256,191.27826,4.071022,41.362326616,2.142108977,1.479868,2018-11-08 06:49:05,mon_0002_peu_2,1.0,1.5035720215051316,1.5035720215051316
257,187.73111,4.21005,41.362313136,2.142107559,1.538586,2018-11-08 06:49:06,mon_0002_peu_2,1.0,1.5398873791884975,1.5398873791884975
258,209.52707,4.311157,41.36230061,2.14209969,1.593288,2018-11-08 06:49:07,mon_0002_peu_2,1.0,1.2438027808031047,1.2438027808031047
259,209.08995,4.200797,41.362290152,2.142094402,1.334238,2018-11-08 06:49:08,mon_0002_peu_2,1.0,1.1116455286745004,1.1116455286745004
260,216.17813,4.101702,41.362280846,2.142089535,1.15822,2018-11-08 06:49:09,mon_0002_peu_2,1.0,1.2209604496433863,1.2209604496433863
261,212.25291,4.037458,41.362270341,2.142085277,1.256163,2018-11-08 06:49:10,mon_0002_peu_2,1.0,1.2970488552573183,1.2970488552573183
262,201.8865,3.990415,41.362258756,2.142083464,1.313784,2018-11-08 06:49:11,mon_0002_peu_2,1.0,1.306403378295822,1.306403378295822
263,202.92413,3.950824,41.362247092,2.142081587,1.350938,2018-11-08 06:49:12,mon_0002_peu_2,1.0,1.521818785440226,1.521818785440226
264,210.20871,3.927065,41.362233943,2.142076529,1.69972,2018-11-08 06:49:13,mon_0002_peu_2,1.0,1.5910231058783033,1.5910231058783033
265,209.5043,3.928786,41.362220141,2.142071502,1.724724,2018-11-08 06:49:14,mon_0002_peu_2,1.0,1.4859447506369519,1.4859447506369519
266,191.80377,3.929274,41.362206789,2.142072238,1.433226,2018-11-08 06:49:15,mon_0002_peu_2,1.0,1.5199585532081652,1.5199585532081652
267,176.56367,3.919759,41.362193534,2.142076688,1.438478,2018-11-08 06:49:16,mon_0002_peu_2,1.0,1.4940042471798751,1.4940042471798751
268,176.36862,3.915099,41.362180413,2.142080541,1.444795,2018-11-08 06:49:17,mon_0002_peu_2,1.0,1.5671480414841767,1.5671480414841767
269,163.09268,3.887301,41.362167155,2.142086911,1.467496,2018-11-08 06:49:18,mon_0002_peu_2,1.0,1.563312124418428,1.563312124418428
270,171.16983,3.872751,41.362153323,2.142090265,1.479914,2018-11-08 06:49:19,mon_0002_peu_2,1.0,1.562787632902928,1.562787632902928
271,184.10782,3.870715,41.362139283,2.142089415,1.495439,2018-11-08 06:49:20,mon_0002_peu_2,1.0,1.5733599694865448,1.5733599694865448
272,189.10254,3.871867,41.362125278,2.142086727,1.506716,2018-11-08 06:49:21,mon_0002_peu_2,1.0,1.5971233983689244,1.5971233983689244
273,194.31348,3.872372,41.362111345,2.142082078,1.501042,2018-11-08 06:49:22,mon_0002_peu_2,1.0,1.3940886403220378,1.3940886403220378
274,194.39609,3.863214,41.362099272,2.142077574,1.27161,2018-11-08 06:49:23,mon_0002_peu_2,1.0,1.2459193340232115,1.2459193340232115
275,187.4467,3.850151,41.362088291,2.142074605,1.117412,2018-11-08 06:49:24,mon_0002_peu_2,1.0,1.3995151175415503,1.3995151175415503
276,183.86542,3.845402,41.362075876,2.142071849,1.237553,2018-11-08 06:49:25,mon_0002_peu_2,1.0,1.5062087601957952,1.5062087601957952
277,191.7879,3.844673,41.362062818,2.14206705,1.289556,2018-11-08 06:49:26,mon_0002_peu_2,1.0,1.5099675355502447,1.5099675355502447
278,187.324,3.845307,41.362049579,2.142063024,1.31075,2018-11-08 06:49:27,mon_0002_peu_2,1.0,1.5983461830370083,1.5983461830370083
279,180.2312,3.858728,41.36203539,2.142059959,1.369991,2018-11-08 06:49:28,mon_0002_peu_2,1.0,1.540628014859143,1.540628014859143
280,154.47894,3.842551,41.362021652,2.142062355,1.424022,2018-11-08 06:49:29,mon_0002_peu_2,1.0,1.7420184809665389,1.7420184809665389
281,175.84311,3.872087,41.362006307,2.142058149,1.435957,2018-11-08 06:49:30,mon_0002_peu_2,1.0,1.850919357831416,1.850919357831416
282,189.04886,4.435058,41.361990823,2.142050009,1.447852,2018-11-08 06:49:31,mon_0002_peu_2,1.0,1.914321429805043,1.914321429805043
283,193.91272,4.509938,41.361975164,2.142040477,1.499756,2018-11-08 06:49:32,mon_0002_peu_2,1.0,1.7332063902852113,1.7332063902852113
284,194.53017,4.587559,41.361961084,2.142031568,1.311447,2018-11-08 06:49:33,mon_0002_peu_2,1.0,1.634349321171752,1.634349321171752
285,194.16614,4.661303,41.36194782,2.142023131,1.177986,2018-11-08 06:49:34,mon_0002_peu_2,1.0,1.7847841222845915,1.7847841222845915
286,198.91675,4.709379,41.361933723,2.142012905,1.307035,2018-11-08 06:49:35,mon_0002_peu_2,1.0,1.835675422238588,1.835675422238588
287,200.50955,4.73925,41.361919415,2.142001933,1.380006,2018-11-08 06:49:36,mon_0002_peu_2,1.0,1.8419889829841005,1.8419889829841005
288,198.93729,4.768388,41.361904852,2.141991414,1.42938,2018-11-08 06:49:37,mon_0002_peu_2,1.0,1.839739227025055,1.839739227025055
289,199.14603,4.786937,41.36189033,2.141980851,1.460534,2018-11-08 06:49:38,mon_0002_peu_2,1.0,1.8800686056389013,1.8800686056389013
290,207.59462,4.801182,41.361876396,2.141968091,1.484685,2018-11-08 06:49:39,mon_0002_peu_2,1.0,1.928793632176726,1.928793632176726
291,210.923,4.822599,41.361862498,2.141954262,1.511153,2018-11-08 06:49:40,mon_0002_peu_2,1.0,1.9231238937451711,1.9231238937451711
292,210.08104,4.844291,41.361848484,2.141940758,1.52268,2018-11-08 06:49:41,mon_0002_peu_2,1.0,1.932024792777355,1.932024792777355
293,215.04248,4.859039,41.361834895,2.141926332,1.523689,2018-11-08 06:49:42,mon_0002_peu_2,1.0,1.9254120923500881,1.9254120923500881
294,223.55978,4.857053,41.361822665,2.14191,1.518939,2018-11-08 06:49:43,mon_0002_peu_2,1.0,1.9427796500924601,1.9427796500924601
295,230.27051,4.861013,41.361811376,2.141892233,1.521546,2018-11-08 06:49:44,mon_0002_peu_2,1.0,1.9281058506857969,1.9281058506857969
296,230.77246,4.87107,41.361800456,2.141874287,1.523243,2018-11-08 06:49:45,mon_0002_peu_2,1.0,1.7196089748118262,1.7196089748118262
297,231.06793,4.871953,41.361791037,2.141857945,1.303342,2018-11-08 06:49:46,mon_0002_peu_2,1.0,1.732703408971233,1.732703408971233
298,223.5871,4.892189,41.361780713,2.141842394,1.31853,2018-11-08 06:49:47,mon_0002_peu_2,1.0,1.9066565085490812,1.9066565085490812
299,211.69171,4.916214,41.361767589,2.141827691,1.538218,2018-11-08 06:49:48,mon_0002_peu_2,1.0,1.7094992185676219,1.7094992185676219
300,211.98138,4.960293,41.361755675,2.141814745,1.310505,2018-11-08 06:49:49,mon_0002_peu_2,1.0,1.5387485257250633,1.5387485257250633
301,224.40976,4.980884,41.361746022,2.141801534,1.133857,2018-11-08 06:49:50,mon_0002_peu_2,1.0,1.2857542885708444,1.2857542885708444
302,185.11873,5.11923,41.361734872,2.141797453,1.214426,2018-11-08 06:49:51,mon_0002_peu_2,1.0,1.282448586992266,1.282448586992266
303,165.89435,5.208807,41.36172337,2.141798585,1.318343,2018-11-08 06:49:52,mon_0002_peu_2,1.0,1.373555726467096,1.373555726467096
304,166.2142,5.292568,41.36171106,2.141799952,1.409118,2018-11-08 06:49:53,mon_0002_peu_2,1.0,1.3196559022367063,1.3196559022367063
305,166.44531,5.475587,41.361699326,2.141802321,1.445445,2018-11-08 06:49:54,mon_0002_peu_2,1.0,1.2364666907137296,1.2364666907137296
306,166.64711,6.680299,41.361688399,2.141805068,1.421574,2018-11-08 06:49:55,mon_0002_peu_2,1.0,1.3055749754266175,1.3055749754266175
307,174.63187,6.932158,41.361676677,2.141805965,1.462936,2018-11-08 06:49:56,mon_0002_peu_2,1.0,1.4209034908145943,1.4209034908145943
308,174.64642,7.221069,41.361663945,2.141807416,1.522228,2018-11-08 06:49:57,mon_0002_peu_2,1.0,1.1889215708885879,1.1889215708885879
309,174.63466,7.517567,41.36165332,2.141809011,1.283076,2018-11-08 06:49:58,mon_0002_peu_2,1.0,1.017171984915653,1.017171984915653
310,143.80054,6.573007,41.361646255,2.141816753,1.109549,2018-11-08 06:49:59,mon_0002_peu_2,1.0,1.06881590836257,1.06881590836257
311,146.23364,6.596868,41.361638792,2.141824824,1.207856,2018-11-08 06:50:00,mon_0002_peu_2,1.0,1.2716989700833956,1.2716989700833956
312,159.69098,6.738769,41.361628317,2.14183094,1.287245,2018-11-08 06:50:01,mon_0002_peu_2,1.0,1.3157372338036912,1.3157372338036912
313,146.74219,6.626321,41.361618927,2.141840533,1.317438,2018-11-08 06:50:02,mon_0002_peu_2,1.0,1.3266579050281226,1.3266579050281226
314,168.95348,7.626699,41.361607564,2.141845379,1.370853,2018-11-08 06:50:03,mon_0002_peu_2,1.0,1.4004929135259339,1.4004929135259339
315,165.09406,7.676777,41.361595734,2.141851138,1.461813,2018-11-08 06:50:04,mon_0002_peu_2,1.0,1.5342260841049957,1.5342260841049957
316,158.64993,7.862435,41.361583194,2.141858806,1.49876,2018-11-08 06:50:05,mon_0002_peu_2,1.0,1.5761910575176827,1.5761910575176827
317,146.80582,8.187681,41.361571344,2.14186917,1.492893,2018-11-08 06:50:06,mon_0002_peu_2,1.0,1.559081149105862,1.559081149105862
318,169.53276,8.552813,41.361557661,2.141873248,1.496696,2018-11-08 06:50:07,mon_0002_peu_2,1.0,1.5444865883388943,1.5444865883388943
319,155.19028,8.94991,41.361545195,2.14188141,1.488492,2018-11-08 06:50:08,mon_0002_peu_2,1.0,1.6297100008924923,1.6297100008924923
320,153.90573,9.298344,41.361532337,2.141890782,1.501453,2018-11-08 06:50:09,mon_0002_peu_2,1.0,1.7643060603669865,1.7643060603669865
321,165.35608,9.555998,41.361517394,2.14189789,1.518913,2018-11-08 06:50:10,mon_0002_peu_2,1.0,1.678712080848578,1.678712080848578
322,199.29132,9.727411,41.361502393,2.141895625,1.537369,2018-11-08 06:50:11,mon_0002_peu_2,1.0,1.6377974028529412,1.6377974028529412
323,207.06711,9.84502,41.361488052,2.14189115,1.548606,2018-11-08 06:50:12,mon_0002_peu_2,1.0,1.5403377779208762,1.5403377779208762
324,217.27869,9.942607,41.361475443,2.141883507,1.57714,2018-11-08 06:50:13,mon_0002_peu_2,1.0,1.4696080137804934,1.4696080137804934
325,233.15852,9.970699,41.36146547,2.141871952,1.695347,2018-11-08 06:50:14,mon_0002_peu_2,1.0,1.438684058914379,1.438684058914379
326,235.64182,10.005285,41.361456242,2.141859869,1.737791,2018-11-08 06:50:15,mon_0002_peu_2,1.0,1.1820506971675109,1.1820506971675109
327,258.5309,9.743444,41.361452177,2.141846782,1.690881,2018-11-08 06:50:16,mon_0002_peu_2,1.0,0.9481711530138561,0.9481711530138561
328,257.71155,9.551723,41.361447734,2.141837085,1.42381,2018-11-08 06:50:17,mon_0002_peu_2,1.0,0.7866866773125725,0.7866866773125725
329,252.72942,9.238171,41.361442205,2.141831204,1.196839,2018-11-08 06:50:18,mon_0002_peu_2,1.0,1.0486034488744516,1.0486034488744516
330,247.67435,9.203565,41.361435968,2.14182178,1.264681,2018-11-08 06:50:19,mon_0002_peu_2,1.0,1.1454699463303537,1.1454699463303537
331,246.96729,9.319136,41.361430417,2.141810218,1.330081,2018-11-08 06:50:20,mon_0002_peu_2,1.0,1.2366536439634794,1.2366536439634794
332,234.26906,9.388098,41.361422448,2.141799882,1.38539,2018-11-08 06:50:21,mon_0002_peu_2,1.0,1.2238044880867602,1.2238044880867602
333,253.00404,9.39237,41.361417647,2.141786687,1.432193,2018-11-08 06:50:22,mon_0002_peu_2,1.0,1.1292500408298967,1.1292500408298967
334,256.36157,8.365169,41.361414125,2.141773996,1.43055,2018-11-08 06:50:23,mon_0002_peu_2,1.0,0.9214223673125818,0.9214223673125818
335,249.11739,8.332203,41.361410166,2.141764297,1.375034,2018-11-08 06:50:24,mon_0002_peu_2,1.0,0.8964684654009417,0.8964684654009417
336,251.73886,8.395683,41.361406432,2.141754777,1.355901,2018-11-08 06:50:25,mon_0002_peu_2,1.0,0.8058677916351453,0.8058677916351453
337,251.28294,8.454483,41.361402357,2.141746792,1.159376,2018-11-08 06:50:26,mon_0002_peu_2,1.0,0.8517110713253044,0.8517110713253044
338,253.96402,9.61875,41.361398405,2.14173805,0.97984,2018-11-08 06:50:27,mon_0002_peu_2,1.0,1.0503480626844413,1.0503480626844413
339,253.66103,9.811975,41.361393583,2.141727228,1.048716,2018-11-08 06:50:28,mon_0002_peu_2,1.0,1.0037257028549569,1.0037257028549569
340,272.79498,9.97608,41.36139205,2.141715376,1.107838,2018-11-08 06:50:29,mon_0002_peu_2,1.0,1.5120397858739212,1.5120397858739212
341,227.75946,10.347125,41.361381788,2.141703489,1.548473,2018-11-08 06:50:30,mon_0002_peu_2,1.0,1.7827097949718473,1.7827097949718473
342,226.35071,10.678455,41.361369254,2.14169017,1.900257,2018-11-08 06:50:31,mon_0002_peu_2,1.0,1.5562534697159198,1.5562534697159198
343,234.94728,10.910534,41.361359413,2.141676911,1.798107,2018-11-08 06:50:32,mon_0002_peu_2,1.0,1.2344630925732683,1.2344630925732683
344,243.44977,10.933802,41.361352472,2.141665367,1.69388,2018-11-08 06:50:33,mon_0002_peu_2,1.0,0.8322090886571245,0.8322090886571245
345,243.03908,10.913221,41.361347236,2.141658242,1.368452,2018-11-08 06:50:34,mon_0002_peu_2,1.0,0.35748712907700037,0.35748712907700037
346,251.16777,10.53997,41.361344555,2.141655878,1.079237,2018-11-08 06:50:35,mon_0002_peu_2,1.0,0.5918934802128893,0.5918934802128893
347,258.922,10.538301,41.36134245,2.141649364,1.090789,2018-11-08 06:50:36,mon_0002_peu_2,1.0,0.8499416143260893,0.8499416143260893
348,262.14386,10.592891,41.361340308,2.141639588,1.143513,2018-11-08 06:50:37,mon_0002_peu_2,1.0,0.9899550604577948,0.9899550604577948
349,247.27708,10.490824,41.361335152,2.141629918,1.218235,2018-11-08 06:50:38,mon_0002_peu_2,1.0,0.9994798778424834,0.9994798778424834
350,246.30408,10.409951,41.36132983,2.141620267,1.27363,2018-11-08 06:50:39,mon_0002_peu_2,1.0,0.8608795095447004,0.8608795095447004
351,262.6352,9.840185,41.361327182,2.141610574,1.320016,2018-11-08 06:50:40,mon_0002_peu_2,1.0,0.8846909377086211,0.8846909377086211
352,248.03383,9.200749,41.361321909,2.141602636,1.430715,2018-11-08 06:50:41,mon_0002_peu_2,1.0,1.151042417441607,1.151042417441607
353,231.50186,8.721041,41.361313578,2.14159445,1.582461,2018-11-08 06:50:42,mon_0002_peu_2,1.0,1.357627784084065,1.357627784084065
354,228.18689,7.70733,41.361304296,2.141583882,1.630586,2018-11-08 06:50:43,mon_0002_peu_2,1.0,1.37283586812921,1.37283586812921
355,217.33873,7.7922,41.361293706,2.141575426,1.564741,2018-11-08 06:50:44,mon_0002_peu_2,1.0,1.3372033447895693,1.3372033447895693
356,215.8454,7.945844,41.361283268,2.141567469,1.510779,2018-11-08 06:50:45,mon_0002_peu_2,1.0,1.3676221860787765,1.3676221860787765
357,197.66498,8.084553,41.361271162,2.141564575,1.478925,2018-11-08 06:50:46,mon_0002_peu_2,1.0,1.4278264389019129,1.4278264389019129
358,199.65018,9.290791,41.361258621,2.1415609,1.485849,2018-11-08 06:50:47,mon_0002_peu_2,1.0,1.4470013251061478,1.4470013251061478
359,199.49384,9.544508,41.361245915,2.141557155,1.483255,2018-11-08 06:50:48,mon_0002_peu_2,1.0,1.5128589196491464,1.5128589196491464
360,177.36171,9.72966,41.361232446,2.141559716,1.477587,2018-11-08 06:50:49,mon_0002_peu_2,1.0,1.346670831410317,1.346670831410317
361,177.18982,9.976339,41.361220466,2.141562082,1.265034,2018-11-08 06:50:50,mon_0002_peu_2,1.0,1.2200172978277672,1.2200172978277672
362,176.97736,10.217451,41.361209623,2.141564316,1.099954,2018-11-08 06:50:51,mon_0002_peu_2,1.0,1.3398716120412568,1.3398716120412568
363,177.76797,10.480766,41.361197697,2.141566611,1.20576,2018-11-08 06:50:52,mon_0002_peu_2,1.0,1.4503738479923696,1.4503738479923696
364,173.1612,10.660421,41.361184973,2.141570434,1.27852,2018-11-08 06:50:53,mon_0002_peu_2,1.0,1.6347318485223916,1.6347318485223916
365,169.1919,10.616604,41.361170878,2.141576002,1.336274,2018-11-08 06:50:54,mon_0002_peu_2,1.0,1.9107960112290465,1.9107960112290465
366,148.25768,10.1931,41.361156042,2.141587555,1.411183,2018-11-08 06:50:55,mon_0002_peu_2,1.0,1.9732952947726414,1.9732952947726414
367,157.59152,9.94097,41.361139347,2.141595572,1.4492,2018-11-08 06:50:56,mon_0002_peu_2,1.0,1.9104762301132394,1.9104762301132394
368,159.73587,10.016931,41.361122637,2.141600897,1.462115,2018-11-08 06:50:57,mon_0002_peu_2,1.0,1.7325246223635093,1.7325246223635093
369,130.14603,10.083311,41.36111029,2.141613559,1.469612,2018-11-08 06:50:58,mon_0002_peu_2,1.0,1.2821173759186142,1.2821173759186142
370,67.788376,10.696518,41.361111311,2.141628861,1.435078,2018-11-08 06:50:59,mon_0002_peu_2,1.0,1.3247075232382255,1.3247075232382255
371,69.57158,10.424316,41.361113038,2.141644566,1.445594,2018-11-08 06:51:00,mon_0002_peu_2,1.0,1.4067060811577707,1.4067060811577707
372,80.35991,10.336779,41.361112538,2.141661408,1.517222,2018-11-08 06:51:01,mon_0002_peu_2,1.0,1.3586950719473803,1.3586950719473803
373,62.243156,9.155746,41.361115762,2.141677111,1.655465,2018-11-08 06:51:02,mon_0002_peu_2,1.0,1.2987800881562561,1.2987800881562561
374,58.028587,8.977353,41.361119386,2.141691905,1.733915,2018-11-08 06:51:03,mon_0002_peu_2,1.0,1.1289738250768635,1.1289738250768635
375,57.957317,8.869852,41.361121967,2.141704988,1.65408,2018-11-08 06:51:04,mon_0002_peu_2,1.0,1.1751614677774898,1.1751614677774898
376,79.6535,8.84794,41.361117281,2.141717609,1.583635,2018-11-08 06:51:05,mon_0002_peu_2,1.0,0.8990798880304566,0.8990798880304566
377,60.03444,8.620692,41.361112598,2.141726391,1.581169,2018-11-08 06:51:06,mon_0002_peu_2,1.0,0.9346616044621298,0.9346616044621298
378,61.223396,8.514198,41.36110657,2.141734196,1.355102,2018-11-08 06:51:07,mon_0002_peu_2,1.0,1.1417624074591124,1.1417624074591124
379,62.674538,8.345089,41.361097652,2.141740977,1.172972,2018-11-08 06:51:08,mon_0002_peu_2,1.0,1.4156890958680393,1.4156890958680393
380,89.21654,8.486403,41.36108821,2.141752356,1.255827,2018-11-08 06:51:09,mon_0002_peu_2,1.0,1.5717590408895785,1.5717590408895785
381,90.645744,7.591019,41.361077767,2.141765048,1.318294,2018-11-08 06:51:10,mon_0002_peu_2,1.0,1.4941336683348836,1.4941336683348836
382,77.812256,7.594735,41.361067874,2.141777163,1.346583,2018-11-08 06:51:11,mon_0002_peu_2,1.0,2.6285749509457164,2.6285749509457164
383,138.07344,7.418819,41.361044997,2.141785097,1.380644,2018-11-08 06:51:12,mon_0002_peu_2,1.0,2.093620026217593,2.093620026217593
384,80.11445,7.197824,41.361029069,2.141798474,1.420118,2018-11-08 06:51:13,mon_0002_peu_2,1.0,1.6498130567530251,1.6498130567530251
385,81.79414,7.272567,41.361017458,2.141810781,1.208748,2018-11-08 06:51:14,mon_0002_peu_2,1.0,2.2171442805226396,2.2171442805226396
386,153.46765,7.182738,41.360997971,2.141816407,1.103565,2018-11-08 06:51:15,mon_0002_peu_2,1.0,2.223107039824704,2.223107039824704
387,145.57266,7.177599,41.360978863,2.141824244,1.24478,2018-11-08 06:51:16,mon_0002_peu_2,1.0,2.412119821154989,2.412119821154989
388,145.54153,7.066337,41.360958114,2.141832676,1.326261,2018-11-08 06:51:17,mon_0002_peu_2,1.0,2.443860675259102,2.443860675259102
389,89.52265,6.524381,41.360939023,2.141847184,1.404161,2018-11-08 06:51:18,mon_0002_peu_2,1.0,2.040654078704446,2.040654078704446
390,75.890434,6.121659,41.360924189,2.14186158,1.438989,2018-11-08 06:51:19,mon_0002_peu_2,1.0,1.6769385782820285,1.6769385782820285
391,73.78046,5.838051,41.360912781,2.141874722,1.452567,2018-11-08 06:51:20,mon_0002_peu_2,1.0,1.5643039529901888,1.5643039529901888
392,76.14267,5.634991,41.360902154,2.141887004,1.248633,2018-11-08 06:51:21,mon_0002_peu_2,1.0,1.6343756505911564,1.6343756505911564
393,115.933975,5.717124,41.360890088,2.141898187,1.100648,2018-11-08 06:51:22,mon_0002_peu_2,1.0,1.161922883098721,1.161922883098721
394,76.682495,5.793196,41.36088526,2.141910534,1.205828,2018-11-08 06:51:23,mon_0002_peu_2,1.0,1.2673705557472421,1.2673705557472421
395,84.60966,5.886731,41.360879084,2.141923297,1.26475,2018-11-08 06:51:24,mon_0002_peu_2,1.0,1.4848010326966778,1.4848010326966778
396,101.47267,5.976851,41.360869697,2.14193595,1.300215,2018-11-08 06:51:25,mon_0002_peu_2,1.0,1.983744973422386,1.983744973422386
397,117.166275,5.740119,41.360853747,2.141946598,1.336216,2018-11-08 06:51:26,mon_0002_peu_2,1.0,1.506763478471458,1.506763478471458
398,83.56613,5.69205,41.360844948,2.141960328,1.370068,2018-11-08 06:51:27,mon_0002_peu_2,1.0,1.4597023993805502,1.4597023993805502
399,81.62123,5.654277,41.360836731,2.141973968,1.381803,2018-11-08 06:51:28,mon_0002_peu_2,1.0,1.4522940432157847,1.4522940432157847
400,78.6261,5.646531,41.360828732,2.141987724,1.393579,2018-11-08 06:51:29,mon_0002_peu_2,1.0,1.3631655025432161,1.3631655025432161
401,79.49625,6.854189,41.360824097,2.142002845,1.407407,2018-11-08 06:51:30,mon_0002_peu_2,1.0,1.1434648041656514,1.1434648041656514
402,80.43376,7.121404,41.360820923,2.142015877,1.196961,2018-11-08 06:51:31,mon_0002_peu_2,1.0,1.0630169512147334,1.0630169512147334
403,89.61949,7.400388,41.360816694,2.1420273,1.043102,2018-11-08 06:51:32,mon_0002_peu_2,1.0,1.1348317188008996,1.1348317188008996
404,86.53197,7.762749,41.360813724,2.142040309,1.158002,2018-11-08 06:51:33,mon_0002_peu_2,1.0,1.2506821186525283,1.2506821186525283
405,88.0387,8.131723,41.3608106,2.142054705,1.237187,2018-11-08 06:51:34,mon_0002_peu_2,1.0,1.2802046540823513,1.2802046540823513
406,84.70969,8.497901,41.360808029,2.142069657,1.284729,2018-11-08 06:51:35,mon_0002_peu_2,1.0,1.3216155164221,1.3216155164221
407,88.00005,8.916485,41.360805245,2.142085052,1.32129,2018-11-08 06:51:36,mon_0002_peu_2,1.0,1.3547809117098986,1.3547809117098986
408,85.91057,9.331886,41.360802868,2.142100973,1.345534,2018-11-08 06:51:37,mon_0002_peu_2,1.0,1.4135157952334545,1.4135157952334545
409,85.264084,9.745039,41.360800715,2.142117665,1.361941,2018-11-08 06:51:38,mon_0002_peu_2,1.0,1.5455091281208646,1.5455091281208646
410,101.86526,10.132211,41.360795233,2.142134682,1.380505,2018-11-08 06:51:39,mon_0002_peu_2,1.0,1.4344242335789075,1.4344242335789075
411,102.59371,10.395182,41.360789066,2.142149778,1.186521,2018-11-08 06:51:40,mon_0002_peu_2,1.0,1.3157956113381002,1.3157956113381002
412,104.62246,10.613846,41.36078277,2.142163127,1.048371,2018-11-08 06:51:41,mon_0002_peu_2,1.0,1.4816098124729309,1.4816098124729309
413,100.46674,10.645951,41.360775905,2.142178342,1.169449,2018-11-08 06:51:42,mon_0002_peu_2,1.0,1.7334312081048362,1.7334312081048362
414,103.093025,10.36945,41.360766379,2.142194783,1.256675,2018-11-08 06:51:43,mon_0002_peu_2,1.0,1.7844441143055154,1.7844441143055154
415,99.41946,10.155491,41.360757055,2.142212185,1.319809,2018-11-08 06:51:44,mon_0002_peu_2,1.0,1.8712521998976317,1.8712521998976317
416,91.63498,9.39747,41.360745616,2.14222863,1.358469,2018-11-08 06:51:45,mon_0002_peu_2,1.0,1.9399245953896587,1.9399245953896587
417,104.39982,8.843558,41.360732237,2.142243548,1.379511,2018-11-08 06:51:46,mon_0002_peu_2,1.0,1.9256614323664976,1.9256614323664976
418,112.00255,8.567835,41.360719449,2.142259107,1.397419,2018-11-08 06:51:47,mon_0002_peu_2,1.0,1.9000131404240888,1.9000131404240888
419,111.57999,8.450897,41.3607084,2.142276473,1.415277,2018-11-08 06:51:48,mon_0002_peu_2,1.0,1.8944432896273524,1.8944432896273524
420,117.425354,8.345991,41.360697101,2.142293462,1.430961,2018-11-08 06:51:49,mon_0002_peu_2,1.0,1.7195149679097352,1.7195149679097352
421,118.2838,7.17735,41.360686227,2.142308111,1.228301,2018-11-08 06:51:50,mon_0002_peu_2,1.0,1.4913781263189272,1.4913781263189272
422,118.888,7.154899,41.360676835,2.142320868,1.100729,2018-11-08 06:51:51,mon_0002_peu_2,1.0,1.490650032498841,1.490650032498841
423,131.79808,7.18563,41.360666605,2.142332411,1.222914,2018-11-08 06:51:52,mon_0002_peu_2,1.0,1.3290916464833744,1.3290916464833744
424,132.04828,7.169041,41.360657676,2.142342998,1.079394,2018-11-08 06:51:53,mon_0002_peu_2,1.0,1.2108192428336932,1.2108192428336932
425,106.318115,7.304863,41.36065292,2.142356049,1.072886,2018-11-08 06:51:54,mon_0002_peu_2,1.0,1.4550066224558134,1.4550066224558134
426,99.67297,7.331412,41.36064834,2.14237238,1.303235,2018-11-08 06:51:55,mon_0002_peu_2,1.0,1.4891429754522394,1.4891429754522394
427,100.20682,7.179743,41.360642693,2.142388559,1.161918,2018-11-08 06:51:56,mon_0002_peu_2,1.0,1.520013706184144,1.520013706184144
428,116.6861,7.057215,41.360634719,2.142403352,1.04509,2018-11-08 06:51:57,mon_0002_peu_2,1.0,1.7404122851262533,1.7404122851262533
429,110.380196,6.627394,41.360626012,2.142420681,1.182842,2018-11-08 06:51:58,mon_0002_peu_2,1.0,1.7130719042042677,1.7130719042042677
430,110.721245,6.310059,41.36061746,2.142437754,1.276651,2018-11-08 06:51:59,mon_0002_peu_2,1.0,1.787675420310473,1.787675420310473
431,130.78458,5.976565,41.360606018,2.142452801,1.352957,2018-11-08 06:52:00,mon_0002_peu_2,1.0,1.8525985207939741,1.8525985207939741
432,132.36324,5.865304,41.360594643,2.14246902,1.419348,2018-11-08 06:52:01,mon_0002_peu_2,1.0,1.6856539690652985,1.6856539690652985
433,132.48465,5.771904,41.360584681,2.142484244,1.242342,2018-11-08 06:52:02,mon_0002_peu_2,1.0,1.5208650807239013,1.5208650807239013
434,108.87032,5.70302,41.36057882,2.142500709,1.107307,2018-11-08 06:52:03,mon_0002_peu_2,1.0,1.6608989957636535,1.6608989957636535
435,124.83771,5.676579,41.360570224,2.142516984,1.232564,2018-11-08 06:52:04,mon_0002_peu_2,1.0,1.7603119340632014,1.7603119340632014
436,108.24984,5.533442,41.360563661,2.142536178,1.327942,2018-11-08 06:52:05,mon_0002_peu_2,1.0,1.718450467658814,1.718450467658814
437,103.39642,5.419165,41.360558092,2.142555385,1.390716,2018-11-08 06:52:06,mon_0002_peu_2,1.0,1.6091465878816098,1.6091465878816098
438,96.72065,5.326884,41.360553754,2.142573779,1.417045,2018-11-08 06:52:07,mon_0002_peu_2,1.0,1.607411718944052,1.607411718944052
439,101.279205,5.225216,41.360548246,2.142591586,1.427473,2018-11-08 06:52:08,mon_0002_peu_2,1.0,1.4863018635291938,1.4863018635291938
440,97.83059,5.145961,41.360543559,2.142608264,1.430941,2018-11-08 06:52:09,mon_0002_peu_2,1.0,1.35909060737738,1.35909060737738
441,95.86456,5.08465,41.36053951,2.142623629,1.426963,2018-11-08 06:52:10,mon_0002_peu_2,1.0,1.3173877431617151,1.3173877431617151
442,103.03598,5.04057,41.360533976,2.142637586,1.414163,2018-11-08 06:52:11,mon_0002_peu_2,1.0,1.300872129343151,1.300872129343151
443,110.338936,5.002334,41.360527166,2.14265026,1.400464,2018-11-08 06:52:12,mon_0002_peu_2,1.0,1.098045984309698,1.098045984309698
444,110.626564,5.144525,41.360522004,2.142661476,1.185914,2018-11-08 06:52:13,mon_0002_peu_2,1.0,0.9572290250185246,0.9572290250185246
445,122.5591,5.258228,41.360516132,2.142669863,1.02747,2018-11-08 06:52:14,mon_0002_peu_2,1.0,1.0537391323865983,1.0537391323865983
446,126.14552,5.456085,41.36050973,2.142679172,1.135639,2018-11-08 06:52:15,mon_0002_peu_2,1.0,1.1772392724428105,1.1772392724428105
447,134.36221,5.639738,41.360501677,2.142688329,1.22711,2018-11-08 06:52:16,mon_0002_peu_2,1.0,1.2058730622532792,1.2058730622532792
448,139.77425,5.70124,41.360492786,2.142696602,1.281267,2018-11-08 06:52:17,mon_0002_peu_2,1.0,1.3645115300803032,1.3645115300803032
449,140.57559,5.857229,41.360483253,2.142706897,1.335107,2018-11-08 06:52:18,mon_0002_peu_2,1.0,1.3972388254744583,1.3972388254744583
450,146.8326,5.857294,41.360473013,2.1427166,1.373989,2018-11-08 06:52:19,mon_0002_peu_2,1.0,1.3762098415004376,1.3762098415004376
451,163.0535,5.848398,41.360461658,2.14272316,1.38398,2018-11-08 06:52:20,mon_0002_peu_2,1.0,1.1727195716855379,1.1727195716855379
452,162.80862,5.856454,41.360452168,2.14272929,1.177529,2018-11-08 06:52:21,mon_0002_peu_2,1.0,0.90596992015316,0.90596992015316
453,178.8052,5.317101,41.36044414,2.142731143,1.027956,2018-11-08 06:52:22,mon_0002_peu_2,1.0,0.9474432345276077,0.9474432345276077
454,206.79062,5.275294,41.360436384,2.142726443,1.131161,2018-11-08 06:52:23,mon_0002_peu_2,1.0,1.0459905538870322,1.0459905538870322
455,191.69687,5.304468,41.360427078,2.142724613,1.217238,2018-11-08 06:52:24,mon_0002_peu_2,1.0,1.1207929235538756,1.1207929235538756
456,196.88248,5.390912,41.360417372,2.142720991,1.277761,2018-11-08 06:52:25,mon_0002_peu_2,1.0,1.1975620498129624,1.1975620498129624
457,215.44345,5.94734,41.360408622,2.142712625,1.314847,2018-11-08 06:52:26,mon_0002_peu_2,1.0,1.2369129043233902,1.2369129043233902
458,219.62321,6.029234,41.360400146,2.142703027,1.341681,2018-11-08 06:52:27,mon_0002_peu_2,1.0,1.2314994464950042,1.2314994464950042
459,210.31555,6.234509,41.360390697,2.14269533,1.355053,2018-11-08 06:52:28,mon_0002_peu_2,1.0,1.2139520668003156,1.2139520668003156
460,212.179,6.463108,41.360381702,2.142687087,1.361218,2018-11-08 06:52:29,mon_0002_peu_2,1.0,1.2371037690148439,1.2371037690148439
461,217.2383,6.625294,41.360373419,2.142677191,1.446783,2018-11-08 06:52:30,mon_0002_peu_2,1.0,1.3386227376892932,1.3386227376892932
462,255.11801,6.520115,41.360371842,2.14266129,1.491671,2018-11-08 06:52:31,mon_0002_peu_2,1.0,1.042461218894473,1.042461218894473
463,254.97395,6.459364,41.36037133,2.142648818,1.22298,2018-11-08 06:52:32,mon_0002_peu_2,1.0,0.991625601356641,0.991625601356641
464,285.40674,6.144369,41.360376517,2.142639153,1.034708,2018-11-08 06:52:33,mon_0002_peu_2,1.0,1.082552255465788,1.082552255465788
465,294.34644,5.883271,41.360382868,2.142629322,1.115186,2018-11-08 06:52:34,mon_0002_peu_2,1.0,1.1943285845617995,1.1943285845617995
466,298.8739,5.673613,41.360389808,2.1426184,1.210835,2018-11-08 06:52:35,mon_0002_peu_2,1.0,1.0474093874876955,1.0474093874876955
467,298.83282,5.320341,41.360396562,2.142609652,1.064835,2018-11-08 06:52:36,mon_0002_peu_2,1.0,0.8984718455786992,0.8984718455786992
468,293.3241,5.101474,41.360401624,2.142601261,0.923608,2018-11-08 06:52:37,mon_0002_peu_2,1.0,1.0018164632817093,1.0018164632817093
469,272.752,5.184999,41.360402794,2.142589359,1.057551,2018-11-08 06:52:38,mon_0002_peu_2,1.0,0.9109574131015962,0.9109574131015962
470,272.66663,5.300234,41.360402904,2.142578445,0.961895,2018-11-08 06:52:39,mon_0002_peu_2,1.0,0.8216652515845083,0.8216652515845083
471,250.86707,5.515135,41.360400156,2.142569306,0.875561,2018-11-08 06:52:40,mon_0002_peu_2,1.0,1.2704251539862346,1.2704251539862346
472,123.165665,5.260648,41.360393854,2.142582003,1.304437,2018-11-08 06:52:41,mon_0002_peu_2,1.0,1.6311159426368251,1.6311159426368251
473,106.60789,6.002218,41.360389568,2.142600694,1.624761,2018-11-08 06:52:42,mon_0002_peu_2,1.0,1.3665613971778823,1.3665613971778823
474,106.62806,5.896499,41.360386091,2.142616399,1.36263,2018-11-08 06:52:43,mon_0002_peu_2,1.0,1.1219671486161658,1.1219671486161658
475,128.21912,5.935171,41.360379809,2.142626919,1.158222,2018-11-08 06:52:44,mon_0002_peu_2,1.0,1.1897084261003823,1.1897084261003823
476,185.83682,6.180289,41.360369181,2.142625276,1.232649,2018-11-08 06:52:45,mon_0002_peu_2,1.0,1.2768384530819819,1.2768384530819819
477,255.6349,5.354452,41.360366348,2.14261045,1.298516,2018-11-08 06:52:46,mon_0002_peu_2,1.0,1.3268481882500198,1.3268481882500198
478,270.73242,5.508835,41.360366963,2.142594573,1.353478,2018-11-08 06:52:47,mon_0002_peu_2,1.0,1.2930447327563803,1.2930447327563803
479,275.9194,5.681454,41.360369044,2.14257933,1.349084,2018-11-08 06:52:48,mon_0002_peu_2,1.0,1.0391132606685736,1.0391132606685736
480,275.98584,5.842402,41.360371372,2.142567272,1.11121,2018-11-08 06:52:49,mon_0002_peu_2,1.0,0.8775115835463185,0.8775115835463185
481,274.307,7.054803,41.360373494,2.142557145,0.956962,2018-11-08 06:52:50,mon_0002_peu_2,1.0,0.9776576247651763,0.9776576247651763
482,285.66595,7.279128,41.360377609,2.142546793,1.042303,2018-11-08 06:52:51,mon_0002_peu_2,1.0,1.1008461208020472,1.1008461208020472
483,291.30273,7.53828,41.360382897,2.142535642,1.122025,2018-11-08 06:52:52,mon_0002_peu_2,1.0,1.1890925933175365,1.1890925933175365
484,295.46796,7.876346,41.360388981,2.142523925,1.188091,2018-11-08 06:52:53,mon_0002_peu_2,1.0,1.0653927168564363,1.0653927168564363
485,295.76514,8.190886,41.360394905,2.142513892,1.026472,2018-11-08 06:52:54,mon_0002_peu_2,1.0,1.0357756373081675,1.0357756373081675
486,299.5135,8.426905,41.360401362,2.142504947,0.922168,2018-11-08 06:52:55,mon_0002_peu_2,1.0,1.243449396573608,1.243449396573608
487,302.12756,8.503233,41.360409644,2.142494936,1.05455,2018-11-08 06:52:56,mon_0002_peu_2,1.0,1.4977642074008797,1.4977642074008797
488,304.75116,8.20433,41.360420536,2.142484378,1.144151,2018-11-08 06:52:57,mon_0002_peu_2,1.0,1.5302104846515143,1.5302104846515143
489,303.97833,7.982002,41.360431535,2.142473359,1.204274,2018-11-08 06:52:58,mon_0002_peu_2,1.0,1.581181010691498,1.581181010691498
490,319.28198,7.7074,41.360444202,2.14246475,1.255246,2018-11-08 06:52:59,mon_0002_peu_2,1.0,1.4995999755439173,1.4995999755439173
491,20.8228,7.407853,41.360457029,2.142470299,1.305419,2018-11-08 06:53:00,mon_0002_peu_2,1.0,1.462538337432398,1.462538337432398
492,61.450493,7.053845,41.360464004,2.142485156,1.429862,2018-11-08 06:53:01,mon_0002_peu_2,1.0,1.4879854874839216,1.4879854874839216
493,119.329956,6.69243,41.360458235,2.142501243,1.569093,2018-11-08 06:53:02,mon_0002_peu_2,1.0,1.5220720678685211,1.5220720678685211
494,120.31771,6.456234,41.360451742,2.142517298,1.606506,2018-11-08 06:53:03,mon_0002_peu_2,1.0,1.4788749741693292,1.4788749741693292
495,120.204895,6.314937,41.36044551,2.142532952,1.591894,2018-11-08 06:53:04,mon_0002_peu_2,1.0,1.194237300452472,1.194237300452472
496,120.23912,5.25,41.36044062,2.142545692,1.339513,2018-11-08 06:53:05,mon_0002_peu_2,1.0,0.8567514435430005,0.8567514435430005
497,161.33224,5.242026,41.360433175,2.142548336,1.100694,2018-11-08 06:53:06,mon_0002_peu_2,1.0,1.0436413768966102,1.0436413768966102
498,210.34985,5.305115,41.360426326,2.142539786,1.15453,2018-11-08 06:53:07,mon_0002_peu_2,1.0,1.1541660919026746,1.1541660919026746
499,212.54073,5.419365,41.360418974,2.142530024,1.285448,2018-11-08 06:53:08,mon_0002_peu_2,1.0,1.0760256727411723,1.0760256727411723
500,193.60098,5.583957,41.360410003,2.14252519,1.339216,2018-11-08 06:53:09,mon_0002_peu_2,1.0,1.0012567276038828,1.0012567276038828
501,197.02328,5.799527,41.360401905,2.142519944,1.311049,2018-11-08 06:53:10,mon_0002_peu_2,1.0,0.6705001484684581,0.6705001484684581
502,197.44217,5.978537,41.360397073,2.142515138,1.086845,2018-11-08 06:53:11,mon_0002_peu_2,1.0,0.25857306529385254,0.25857306529385254
503,191.34525,6.029802,41.360396843,2.142512055,0.815382,2018-11-08 06:53:12,mon_0002_peu_2,1.0,0.32205841679954894,0.32205841679954894
504,191.91977,6.076345,41.360399085,2.142509612,0.620201,2018-11-08 06:53:13,mon_0002_peu_2,1.0,0.27596608449026766,0.27596608449026766
505,186.20853,6.250504,41.360401413,2.142508466,0.391856,2018-11-08 06:53:14,mon_0002_peu_2,1.0,0.38239692614078213,0.38239692614078213
506,186.5785,6.421427,41.360404791,2.142507607,0.230357,2018-11-08 06:53:15,mon_0002_peu_2,1.0,0.4085517444673042,0.4085517444673042
507,184.15843,6.589286,41.360408427,2.142506903,0.206682,2018-11-08 06:53:16,mon_0002_peu_2,1.0,0.6205908375215292,0.6205908375215292
508,184.60709,6.570093,41.360413964,2.14250597,0.174172,2018-11-08 06:53:17,mon_0002_peu_2,1.0,1.0954019004608677,1.0954019004608677
509,186.2,6.14122,41.360423744,2.142504395,0.036584,2018-11-08 06:53:18,mon_0002_peu_2,,,
