course,haccuracy,latitude,longitude,speed,time,nickname,At,d,v
339.6,19.296001,41.41997525,2.15163284,1.34,2018-11-07 15:05:07,vir_3292_pie,1.0,2.308241582061767,2.308241582061767
21.2,16.08,41.4199918,2.15164955,1.36,2018-11-07 15:05:08,vir_3292_pie,1.0,1.932577605824491,1.932577605824491
355.0,12.864,41.42000546,2.15166388,0.85,2018-11-07 15:05:09,vir_3292_pie,1.0,1.2013887806564478,1.2013887806564478
8.2,8.576,41.42001522,2.15167006,0.9,2018-11-07 15:05:10,vir_3292_pie,1.0,2.07822723594596,2.07822723594596
12.2,7.504,41.42002233,2.15169311,0.47,2018-11-07 15:05:11,vir_3292_pie,1.0,2.1382528879556957,2.1382528879556957
62.8,5.36,41.4200245,2.15171859,0.22,2018-11-07 15:05:12,vir_3292_pie,1.0,1.9130692040808097,1.9130692040808097
156.5,4.288,41.42002216,2.15174132,0.34,2018-11-07 15:05:13,vir_3292_pie,1.0,1.6891306510059247,1.6891306510059247
0.0,4.288,41.42002033,2.15176143,0.0,2018-11-07 15:05:14,vir_3292_pie,1.0,3.0526802065954928,3.0526802065954928
0.0,3.216,41.42002046,2.15179804,0.0,2018-11-07 15:05:15,vir_3292_pie,1.0,0.6245104955941412,0.6245104955941412
258.8,3.216,41.42002146,2.15180541,0.35,2018-11-07 15:05:16,vir_3292_pie,1.0,0.31500771291754365,0.31500771291754365
330.1,3.216,41.42002106,2.15180915,0.18,2018-11-07 15:05:17,vir_3292_pie,1.0,0.6941872950703246,0.6941872950703246
315.5,3.216,41.42002663,2.15180539,1.37,2018-11-07 15:05:18,vir_3292_pie,1.0,0.9707934089387567,0.9707934089387567
318.7,3.216,41.42003423,2.15179966,0.82,2018-11-07 15:05:19,vir_3292_pie,1.0,1.4140201393918599,1.4140201393918599
315.2,3.216,41.42004412,2.151789,1.91,2018-11-07 15:05:20,vir_3292_pie,2.0,2.556448472039282,1.278224236019641
332.0,3.216,41.42006486,2.15177577,1.31,2018-11-07 15:05:22,vir_3292_pie,2.0,2.882907274991568,1.441453637495784
338.3,3.216,41.42008981,2.15176637,1.46,2018-11-07 15:05:24,vir_3292_pie,1.0,1.4707976328078216,1.4707976328078216
334.9,4.288,41.42010167,2.15175856,1.4,2018-11-07 15:05:25,vir_3292_pie,1.0,1.5062813611658377,1.5062813611658377
331.5,4.288,41.42011304,2.15174874,1.46,2018-11-07 15:05:26,vir_3292_pie,1.0,1.4100458757395713,1.4100458757395713
324.0,5.36,41.42012115,2.15173574,1.28,2018-11-07 15:05:27,vir_3292_pie,1.0,1.3536981113514959,1.3536981113514959
311.7,4.288,41.42012288,2.15171967,1.23,2018-11-07 15:05:28,vir_3292_pie,1.0,1.5962652857362882,1.5962652857362882
300.6,4.288,41.42012521,2.15170078,1.5,2018-11-07 15:05:29,vir_3292_pie,1.0,1.7305699119738536,1.7305699119738536
296.9,4.288,41.42012764,2.15168028,1.56,2018-11-07 15:05:30,vir_3292_pie,1.0,1.215269541540312,1.215269541540312
295.2,3.216,41.42012586,2.1516659,0.65,2018-11-07 15:05:31,vir_3292_pie,1.0,0.9214200334718547,0.9214200334718547
290.8,3.216,41.42012441,2.15165502,0.67,2018-11-07 15:05:32,vir_3292_pie,1.0,0.7607688265413345,0.7607688265413345
298.8,3.216,41.42012562,2.15164604,0.58,2018-11-07 15:05:33,vir_3292_pie,3.0,0.29040638726399953,0.09680212908799984
309.0,3.216,41.42012792,2.15164769,0.25,2018-11-07 15:05:36,vir_3292_pie,1.0,0.4876272567674699,0.4876272567674699
0.0,3.216,41.42013161,2.15165085,0.0,2018-11-07 15:05:37,vir_3292_pie,1.0,0.47560207483406236,0.47560207483406236
0.0,3.216,41.42013521,2.15165393,0.0,2018-11-07 15:05:38,vir_3292_pie,1.0,0.29325480838829554,0.29325480838829554
0.0,3.216,41.42013771,2.15165505,0.0,2018-11-07 15:05:39,vir_3292_pie,1.0,0.49291513801160225,0.49291513801160225
0.0,3.216,41.42014212,2.15165445,0.0,2018-11-07 15:05:40,vir_3292_pie,1.0,0.6251487496217603,0.6251487496217603
8.7,3.216,41.42014771,2.15165525,0.29,2018-11-07 15:05:41,vir_3292_pie,1.0,0.8371834379159092,0.8371834379159092
0.0,3.216,41.42015523,2.15165476,0.0,2018-11-07 15:05:42,vir_3292_pie,1.0,1.136365689487295,1.136365689487295
281.0,3.216,41.42016033,2.15164295,0.86,2018-11-07 15:05:43,vir_3292_pie,1.0,0.7795726096860717,0.7795726096860717
284.0,3.216,41.42016177,2.1516338,0.26,2018-11-07 15:05:44,vir_3292_pie,2.0,0.8289471062912809,0.41447355314564044
0.0,3.216,41.42016472,2.15162467,0.0,2018-11-07 15:05:46,vir_3292_pie,1.0,0.37947618487218326,0.37947618487218326
0.0,3.216,41.4201678,2.15162271,0.0,2018-11-07 15:05:47,vir_3292_pie,1.0,0.2103377991533239,0.2103377991533239
0.0,3.216,41.42016943,2.15162143,0.0,2018-11-07 15:05:48,vir_3292_pie,1.0,0.6283779696471685,0.6283779696471685
0.0,3.216,41.42017126,2.1516143,0.0,2018-11-07 15:05:49,vir_3292_pie,2.0,0.414332365219229,0.2071661826096145
0.0,3.216,41.42016774,2.15161593,0.0,2018-11-07 15:05:51,vir_3292_pie,3.0,0.47279435000230274,0.15759811666743426
0.0,3.216,41.42016929,2.15161065,0.0,2018-11-07 15:05:54,vir_3292_pie,2.0,0.38610172173322244,0.19305086086661122
202.0,3.216,41.42016934,2.15160602,0.23,2018-11-07 15:05:56,vir_3292_pie,2.0,0.2250605905297831,0.11253029526489156
0.0,3.216,41.42017136,2.15160619,0.0,2018-11-07 15:05:58,vir_3292_pie,3.0,0.2447806349953825,0.08159354499846083
0.0,3.216,41.42017061,2.15160895,0.0,2018-11-07 15:06:01,vir_3292_pie,1.0,0.30125978315642904,0.30125978315642904
0.0,3.216,41.42017072,2.15161256,0.0,2018-11-07 15:06:02,vir_3292_pie,2.0,0.6872969113371871,0.34364845566859353
175.1,3.216,41.42017664,2.15161493,0.21,2018-11-07 15:06:04,vir_3292_pie,1.0,0.4194734702063643,0.4194734702063643
0.0,3.216,41.42018041,2.15161511,0.0,2018-11-07 15:06:05,vir_3292_pie,2.0,0.44058936064724463,0.22029468032362232
0.0,3.216,41.42018435,2.15161455,0.0,2018-11-07 15:06:07,vir_3292_pie,1.0,0.2379931397301948,0.2379931397301948
0.0,3.216,41.42018648,2.15161483,0.0,2018-11-07 15:06:08,vir_3292_pie,1.0,0.3556245355714121,0.3556245355714121
0.0,3.216,41.42018962,2.15161402,0.0,2018-11-07 15:06:09,vir_3292_pie,1.0,0.3910951818237949,0.3910951818237949
0.0,3.216,41.42019301,2.15161277,0.0,2018-11-07 15:06:10,vir_3292_pie,2.0,0.3048081965037127,0.15240409825185636
0.0,3.216,41.42019479,2.15160999,0.0,2018-11-07 15:06:12,vir_3292_pie,2.0,0.3628849369613135,0.18144246848065676
0.0,3.216,41.42019616,2.15160604,0.0,2018-11-07 15:06:14,vir_3292_pie,1.0,0.2237121216861335,0.2237121216861335
200.5,3.216,41.42019534,2.15160359,0.25,2018-11-07 15:06:15,vir_3292_pie,1.0,0.2243020069422916,0.2243020069422916
0.0,3.216,41.42019533,2.1516009,0.0,2018-11-07 15:06:16,vir_3292_pie,1.0,1.0693616777998805,1.0693616777998805
343.5,3.216,41.42020472,2.15159813,1.1,2018-11-07 15:06:17,vir_3292_pie,1.0,1.226535613220731,1.226535613220731
2.6,3.216,41.42021554,2.15159527,0.96,2018-11-07 15:06:18,vir_3292_pie,1.0,1.104944261923845,1.104944261923845
2.4,3.216,41.4202253,2.15159278,0.94,2018-11-07 15:06:19,vir_3292_pie,1.0,1.4521564979892931,1.4521564979892931
2.2,3.216,41.42023759,2.15158689,1.44,2018-11-07 15:06:20,vir_3292_pie,1.0,1.2552859205937317,1.2552859205937317
2.2,3.216,41.42024774,2.1515803,0.82,2018-11-07 15:06:21,vir_3292_pie,1.0,0.975908905281992,0.975908905281992
2.2,3.216,41.4202547,2.15157317,0.81,2018-11-07 15:06:22,vir_3292_pie,1.0,1.03268541008937,1.03268541008937
2.5,3.216,41.42025868,2.15156198,1.13,2018-11-07 15:06:23,vir_3292_pie,1.0,1.2781350878172808,1.2781350878172808
2.6,3.216,41.42026038,2.15154682,1.24,2018-11-07 15:06:24,vir_3292_pie,1.0,1.2615418788487955,1.2615418788487955
2.6,3.216,41.4202612,2.15153173,0.99,2018-11-07 15:06:25,vir_3292_pie,1.0,0.7519447800565549,0.7519447800565549
2.6,3.216,41.42026298,2.15152303,0.75,2018-11-07 15:06:26,vir_3292_pie,1.0,0.4940391502457844,0.4940391502457844
2.7,3.216,41.42026519,2.15151789,0.51,2018-11-07 15:06:27,vir_3292_pie,1.0,0.8527338142034359,0.8527338142034359
311.6,3.216,41.42026644,2.1515078,1.3,2018-11-07 15:06:28,vir_3292_pie,1.0,1.511923180131627,1.511923180131627
282.7,3.216,41.42026666,2.15148967,1.56,2018-11-07 15:06:29,vir_3292_pie,1.0,1.211799483461947,1.211799483461947
292.8,3.216,41.42026759,2.15147519,1.1,2018-11-07 15:06:30,vir_3292_pie,1.0,0.6860844502462908,0.6860844502462908
2.8,3.216,41.4202681,2.15146699,0.5,2018-11-07 15:06:31,vir_3292_pie,1.0,0.587328704632949,0.587328704632949
2.8,3.216,41.42026973,2.15146029,0.8,2018-11-07 15:06:32,vir_3292_pie,1.0,0.9987046239003964,0.9987046239003964
303.5,3.216,41.42027275,2.15144901,0.95,2018-11-07 15:06:33,vir_3292_pie,1.0,0.8482195203971826,0.8482195203971826
2.8,3.216,41.42027237,2.15143885,0.47,2018-11-07 15:06:34,vir_3292_pie,1.0,0.5031987199333678,0.5031987199333678
2.8,3.216,41.4202708,2.15143319,0.25,2018-11-07 15:06:35,vir_3292_pie,1.0,0.8968683095442702,0.8968683095442702
298.7,3.216,41.42027146,2.15142247,1.12,2018-11-07 15:06:36,vir_3292_pie,1.0,1.1301966804166443,1.1301966804166443
310.9,3.216,41.42027493,2.15140973,1.05,2018-11-07 15:06:37,vir_3292_pie,1.0,1.2152340748887702,1.2152340748887702
313.6,3.216,41.4202799,2.15139675,1.22,2018-11-07 15:06:38,vir_3292_pie,1.0,1.4105515769699872,1.4105515769699872
315.3,3.216,41.42028623,2.15138209,1.24,2018-11-07 15:06:39,vir_3292_pie,1.0,0.8867837162806017,0.8867837162806017
2.8,3.216,41.42029063,2.15137322,0.57,2018-11-07 15:06:40,vir_3292_pie,1.0,0.9059568604917982,0.9059568604917982
322.6,3.216,41.42029421,2.15136346,0.95,2018-11-07 15:06:41,vir_3292_pie,1.0,0.8427847179032172,0.8427847179032172
336.3,3.216,41.4202989,2.15135552,0.88,2018-11-07 15:06:42,vir_3292_pie,1.0,0.8849768396804824,0.8849768396804824
309.4,3.216,41.42030102,2.15134529,0.9,2018-11-07 15:06:43,vir_3292_pie,1.0,1.1648580972897224,1.1648580972897224
291.9,3.216,41.42030105,2.15133132,1.04,2018-11-07 15:06:44,vir_3292_pie,1.0,1.3674802904641836,1.3674802904641836
274.6,3.216,41.42029939,2.15131507,1.22,2018-11-07 15:06:45,vir_3292_pie,1.0,1.139007422589043,1.139007422589043
282.7,3.216,41.42029798,2.15130154,0.75,2018-11-07 15:06:46,vir_3292_pie,1.0,0.6823535938608256,0.6823535938608256
302.9,3.216,41.42029868,2.15129341,0.73,2018-11-07 15:06:47,vir_3292_pie,1.0,0.9687242169406272,0.9687242169406272
302.7,3.216,41.42030064,2.15128209,1.16,2018-11-07 15:06:48,vir_3292_pie,1.0,1.4056613989255522,1.4056613989255522
299.7,3.216,41.42030453,2.15126605,1.34,2018-11-07 15:06:49,vir_3292_pie,1.0,1.0752999516825088,1.0752999516825088
291.2,3.216,41.42030659,2.15125345,0.73,2018-11-07 15:06:50,vir_3292_pie,1.0,1.1315811019146191,1.1315811019146191
288.9,3.216,41.42030548,2.15123996,1.2,2018-11-07 15:06:51,vir_3292_pie,1.0,1.3752668946720994,1.3752668946720994
278.7,3.216,41.42030332,2.15122372,1.06,2018-11-07 15:06:52,vir_3292_pie,1.0,1.3868847127526847,1.3868847127526847
277.1,3.216,41.42029986,2.15120774,1.16,2018-11-07 15:06:53,vir_3292_pie,1.0,1.553314256473646,1.553314256473646
282.8,3.216,41.42029804,2.15118927,1.38,2018-11-07 15:06:54,vir_3292_pie,1.0,1.5769490595158822,1.5769490595158822
286.8,3.216,41.42029753,2.15117037,1.34,2018-11-07 15:06:55,vir_3292_pie,1.0,1.6307093219424669,1.6307093219424669
287.6,4.288,41.42029676,2.15115084,1.29,2018-11-07 15:06:56,vir_3292_pie,1.0,1.177550310175507,1.177550310175507
302.1,4.288,41.42029695,2.15113672,0.94,2018-11-07 15:06:57,vir_3292_pie,1.0,1.0416296811880315,1.0416296811880315
318.9,4.288,41.4202998,2.15112482,1.06,2018-11-07 15:06:58,vir_3292_pie,1.0,1.4388271111305455,1.4388271111305455
329.0,4.288,41.42030617,2.1511098,1.41,2018-11-07 15:06:59,vir_3292_pie,1.0,0.9722983410625691,0.9722983410625691
325.1,4.288,41.42030968,2.15109912,0.79,2018-11-07 15:07:00,vir_3292_pie,1.0,0.7676274067036881,0.7676274067036881
317.7,4.288,41.42030899,2.15108996,0.52,2018-11-07 15:07:01,vir_3292_pie,1.0,0.9998882951574135,0.9998882951574135
300.4,4.288,41.42030689,2.1510783,0.74,2018-11-07 15:07:02,vir_3292_pie,1.0,1.5526645742851244,1.5526645742851244
277.7,4.288,41.42030423,2.15106002,1.19,2018-11-07 15:07:03,vir_3292_pie,1.0,1.9658722575475522,1.9658722575475522
275.1,5.36,41.42030153,2.15103672,1.34,2018-11-07 15:07:04,vir_3292_pie,1.0,2.162732497409093,2.162732497409093
275.7,5.36,41.42029953,2.15101092,1.49,2018-11-07 15:07:05,vir_3292_pie,1.0,1.967891862968027,1.967891862968027
276.0,4.288,41.42029717,2.15098753,1.19,2018-11-07 15:07:06,vir_3292_pie,1.0,1.4087656646087605,1.4087656646087605
273.7,5.36,41.42029448,2.15097102,0.62,2018-11-07 15:07:07,vir_3292_pie,1.0,1.1556214910641969,1.1556214910641969
273.2,4.288,41.42029136,2.1509578,0.64,2018-11-07 15:07:08,vir_3292_pie,1.0,1.4640350658943049,1.4640350658943049
271.0,4.288,41.42028787,2.15094087,1.01,2018-11-07 15:07:09,vir_3292_pie,1.0,1.5659427368089471,1.5659427368089471
288.5,4.288,41.42028794,2.15092209,1.13,2018-11-07 15:07:10,vir_3292_pie,1.0,1.4584479130418215,1.4584479130418215
315.0,5.36,41.42029258,2.15090573,1.23,2018-11-07 15:07:11,vir_3292_pie,1.0,0.8249309625601017,0.8249309625601017
337.7,5.36,41.4202948,2.15089629,0.18,2018-11-07 15:07:12,vir_3292_pie,1.0,0.44892008606201755,0.44892008606201755
352.3,5.36,41.42029542,2.15089097,0.54,2018-11-07 15:07:13,vir_3292_pie,1.0,0.907166719680655,0.907166719680655
350.7,5.36,41.42030199,2.15088452,1.21,2018-11-07 15:07:14,vir_3292_pie,1.0,1.0649936009072416,1.0649936009072416
350.3,5.36,41.42030987,2.15087726,0.97,2018-11-07 15:07:15,vir_3292_pie,1.0,0.8190310361284306,0.8190310361284306
349.9,5.36,41.4203136,2.15086879,0.64,2018-11-07 15:07:16,vir_3292_pie,1.0,1.4388673011735027,1.4388673011735027
349.4,5.36,41.42031683,2.15085208,1.53,2018-11-07 15:07:17,vir_3292_pie,1.0,2.1443285307973867,2.1443285307973867
275.1,6.432,41.42031451,2.15082655,1.66,2018-11-07 15:07:18,vir_3292_pie,1.0,1.6715920228857615,1.6715920228857615
349.2,6.432,41.42030954,2.15080763,0.57,2018-11-07 15:07:19,vir_3292_pie,1.0,1.9089248283464961,1.9089248283464961
259.7,6.432,41.42030169,2.15078727,1.55,2018-11-07 15:07:20,vir_3292_pie,1.0,1.9518669710549117,1.9518669710549117
348.8,6.432,41.42029436,2.150766,0.86,2018-11-07 15:07:21,vir_3292_pie,1.0,1.330776344437618,1.330776344437618
348.6,5.36,41.42028779,2.15075266,0.17,2018-11-07 15:07:22,vir_3292_pie,1.0,0.921238729927091,0.921238729927091
348.4,5.36,41.42028422,2.15074269,0.36,2018-11-07 15:07:23,vir_3292_pie,1.0,0.9618312132425773,0.9618312132425773
341.1,5.36,41.42028629,2.15073149,1.12,2018-11-07 15:07:24,vir_3292_pie,1.0,1.6393448040917047,1.6393448040917047
0.0,5.36,41.42027882,2.15071454,0.0,2018-11-07 15:07:25,vir_3292_pie,1.0,1.1406296925606558,1.1406296925606558
0.0,5.36,41.42027103,2.15070564,0.0,2018-11-07 15:07:26,vir_3292_pie,1.0,0.9089147405603144,0.9089147405603144
0.0,5.36,41.42026507,2.15069818,0.0,2018-11-07 15:07:27,vir_3292_pie,1.0,0.6658315146738821,0.6658315146738821
0.0,5.36,41.42026045,2.1506931,0.0,2018-11-07 15:07:28,vir_3292_pie,1.0,0.6501820417179418,0.6501820417179418
0.0,5.36,41.42025579,2.15068839,0.0,2018-11-07 15:07:29,vir_3292_pie,1.0,0.8475715531443975,0.8475715531443975
347.5,5.36,41.42025247,2.15067924,0.56,2018-11-07 15:07:30,vir_3292_pie,1.0,0.7171567196080668,0.7171567196080668
346.0,5.36,41.42025502,2.15067134,0.74,2018-11-07 15:07:31,vir_3292_pie,1.0,0.7329629302414854,0.7329629302414854
347.5,5.36,41.42025508,2.15066255,0.47,2018-11-07 15:07:32,vir_3292_pie,1.0,0.5831504427137195,0.5831504427137195
347.5,5.36,41.42025525,2.15065556,0.46,2018-11-07 15:07:33,vir_3292_pie,1.0,0.7340579737278029,0.7340579737278029
0.0,5.36,41.42025188,2.15064799,0.0,2018-11-07 15:07:34,vir_3292_pie,1.0,0.9818086382921355,0.9818086382921355
347.5,4.288,41.42024845,2.15063714,0.53,2018-11-07 15:07:35,vir_3292_pie,1.0,1.0229423551576133,1.0229423551576133
347.5,4.288,41.42024578,2.1506254,0.29,2018-11-07 15:07:36,vir_3292_pie,1.0,1.215551613235126,1.215551613235126
329.1,4.288,41.42024403,2.15061101,0.68,2018-11-07 15:07:37,vir_3292_pie,1.0,2.806540335648685,2.806540335648685
0.0,4.288,41.42023065,2.15058247,0.0,2018-11-07 15:07:38,vir_3292_pie,1.0,2.025433412233194,2.025433412233194
0.0,4.288,41.4202204,2.15056239,0.0,2018-11-07 15:07:39,vir_3292_pie,1.0,1.251162848074662,1.251162848074662
0.0,4.288,41.42021482,2.15054936,0.0,2018-11-07 15:07:40,vir_3292_pie,1.0,0.8934257069558833,0.8934257069558833
0.0,4.288,41.42021095,2.15053997,0.0,2018-11-07 15:07:41,vir_3292_pie,1.0,1.0137777957219112,1.0137777957219112
316.7,4.288,41.42021033,2.15052784,0.64,2018-11-07 15:07:42,vir_3292_pie,1.0,1.5015982408025947,1.5015982408025947
306.5,4.288,41.42021632,2.1505117,1.41,2018-11-07 15:07:43,vir_3292_pie,1.0,1.6087531136409683,1.6087531136409683
295.4,4.288,41.42022246,2.15049423,0.85,2018-11-07 15:07:44,vir_3292_pie,1.0,1.2386123631844501,1.2386123631844501
306.8,4.288,41.42022722,2.1504808,0.77,2018-11-07 15:07:45,vir_3292_pie,1.0,1.1786222945902407,1.1786222945902407
286.3,4.288,41.42022857,2.15046678,0.82,2018-11-07 15:07:46,vir_3292_pie,1.0,1.2523381778086973,1.2523381778086973
272.5,4.288,41.42022661,2.15045199,0.81,2018-11-07 15:07:47,vir_3292_pie,1.0,1.6256339358443233,1.6256339358443233
264.0,4.288,41.42022495,2.15043262,1.45,2018-11-07 15:07:48,vir_3292_pie,1.0,1.394284937110272,1.394284937110272
271.5,4.288,41.42022478,2.1504159,0.64,2018-11-07 15:07:49,vir_3292_pie,1.0,1.882030265454885,1.882030265454885
266.8,4.288,41.42022376,2.15039337,1.94,2018-11-07 15:07:50,vir_3292_pie,1.0,2.603859006623381,2.603859006623381
260.1,4.288,41.42022048,2.15036245,1.93,2018-11-07 15:07:51,vir_3292_pie,1.0,2.6775378238729703,2.6775378238729703
256.7,5.36,41.4202152,2.15033112,2.1,2018-11-07 15:07:52,vir_3292_pie,1.0,2.395824492240126,2.395824492240126
249.8,6.432,41.42020781,2.15030413,1.7,2018-11-07 15:07:53,vir_3292_pie,1.0,1.6160032574956589,1.6160032574956589
247.7,5.36,41.42020539,2.15028502,1.13,2018-11-07 15:07:54,vir_3292_pie,1.0,0.8473937258007153,0.8473937258007153
250.4,4.288,41.42021134,2.15027867,0.39,2018-11-07 15:07:55,vir_3292_pie,1.0,1.0572737936774292,1.0572737936774292
289.2,4.288,41.4202199,2.15027315,0.65,2018-11-07 15:07:56,vir_3292_pie,1.0,1.6237952172551546,1.6237952172551546
320.7,5.36,41.42023353,2.15026616,0.77,2018-11-07 15:07:57,vir_3292_pie,1.0,1.8688990623653123,1.8688990623653123
328.4,4.288,41.42025032,2.15026514,0.75,2018-11-07 15:07:58,vir_3292_pie,1.0,2.429811612306203,2.429811612306203
0.0,4.288,41.42027126,2.15027347,0.0,2018-11-07 15:07:59,vir_3292_pie,1.0,0.881444022320143,0.881444022320143
0.0,3.216,41.42027893,2.15027614,0.0,2018-11-07 15:08:00,vir_3292_pie,1.0,0.22997922183147526,0.22997922183147526
0.0,3.216,41.4202809,2.1502753,0.0,2018-11-07 15:08:01,vir_3292_pie,1.0,0.3659734815732505,0.3659734815732505
329.3,3.216,41.42028307,2.150272,0.19,2018-11-07 15:08:02,vir_3292_pie,1.0,0.38294766149856624,0.38294766149856624
0.0,3.216,41.42028348,2.15026744,0.0,2018-11-07 15:08:03,vir_3292_pie,2.0,0.4444174518412086,0.2222087259206043
0.0,3.216,41.42028116,2.1502631,0.0,2018-11-07 15:08:05,vir_3292_pie,3.0,0.2229957276867018,0.07433190922890061
0.0,3.216,41.42028181,2.15026563,0.0,2018-11-07 15:08:08,vir_3292_pie,1.0,0.37718286122463246,0.37718286122463246
0.0,3.216,41.4202842,2.15026884,0.0,2018-11-07 15:08:09,vir_3292_pie,1.0,0.29233933066456236,0.29233933066456236
0.0,3.216,41.42028593,2.15027148,0.0,2018-11-07 15:08:10,vir_3292_pie,1.0,0.23914434643643478,0.23914434643643478
0.0,3.216,41.42028563,2.15027432,0.0,2018-11-07 15:08:11,vir_3292_pie,4.0,0.8633628524872599,0.21584071312181496
315.0,3.216,41.42028882,2.15026488,0.89,2018-11-07 15:08:15,vir_3292_pie,1.0,1.2107635042767924,1.2107635042767924
281.8,3.216,41.42029136,2.15025076,1.13,2018-11-07 15:08:16,vir_3292_pie,1.0,1.3481183867287907,1.3481183867287907
272.7,3.216,41.42028978,2.15023473,0.97,2018-11-07 15:08:17,vir_3292_pie,1.0,1.6432062590494478,1.6432062590494478
249.7,3.216,41.42028347,2.15021691,1.56,2018-11-07 15:08:18,vir_3292_pie,1.0,1.1495299929864773,1.1495299929864773
256.5,3.216,41.42028089,2.15020356,0.91,2018-11-07 15:08:19,vir_3292_pie,1.0,0.9546962247301543,0.9546962247301543
264.6,3.216,41.42027976,2.15019221,1.09,2018-11-07 15:08:20,vir_3292_pie,1.0,1.3193192481990186,1.3193192481990186
285.0,3.216,41.42028097,2.15017647,1.31,2018-11-07 15:08:21,vir_3292_pie,1.0,1.2085059958044135,1.2085059958044135
284.0,3.216,41.42028456,2.15016279,1.24,2018-11-07 15:08:22,vir_3292_pie,1.0,1.0007889807268868,1.0007889807268868
285.1,3.216,41.42028791,2.15015165,0.93,2018-11-07 15:08:23,vir_3292_pie,1.0,0.6340705560526931,0.6340705560526931
298.0,4.288,41.42029218,2.15014661,0.59,2018-11-07 15:08:24,vir_3292_pie,1.0,1.1413707203766743,1.1413707203766743
327.6,4.288,41.42030179,2.1501418,1.14,2018-11-07 15:08:25,vir_3292_pie,1.0,1.629856581906343,1.629856581906343
345.9,4.288,41.42031596,2.1501368,1.35,2018-11-07 15:08:26,vir_3292_pie,1.0,1.2759939501259163,1.2759939501259163
320.0,4.288,41.42032444,2.15012649,1.31,2018-11-07 15:08:27,vir_3292_pie,1.0,0.8569408077375219,0.8569408077375219
293.0,4.288,41.42032634,2.15011653,0.68,2018-11-07 15:08:28,vir_3292_pie,1.0,1.228959621381223,1.228959621381223
264.4,4.288,41.42032208,2.15010293,1.38,2018-11-07 15:08:29,vir_3292_pie,1.0,0.8990867032202481,0.8990867032202481
261.3,4.288,41.42031795,2.15009366,0.47,2018-11-07 15:08:30,vir_3292_pie,1.0,0.8399963105077248,0.8399963105077248
262.4,4.288,41.42031352,2.1500855,0.89,2018-11-07 15:08:31,vir_3292_pie,1.0,2.275714204986234,2.275714204986234
247.0,4.288,41.42030148,2.15006343,2.28,2018-11-07 15:08:32,vir_3292_pie,1.0,2.3962816725423215,2.3962816725423215
250.6,4.288,41.42028898,2.15004002,1.34,2018-11-07 15:08:33,vir_3292_pie,1.0,1.788742520763792,1.788742520763792
256.1,4.288,41.42028154,2.150021,1.55,2018-11-07 15:08:34,vir_3292_pie,1.0,1.0666794323788438,1.0666794323788438
292.2,3.216,41.42028281,2.15000832,1.31,2018-11-07 15:08:35,vir_3292_pie,1.0,1.0288381926628611,1.0288381926628611
319.7,3.216,41.42028883,2.14999895,1.06,2018-11-07 15:08:36,vir_3292_pie,1.0,0.7160784030810313,0.7160784030810313
348.0,3.216,41.42029513,2.15000073,0.31,2018-11-07 15:08:37,vir_3292_pie,1.0,0.7928985990161385,0.7928985990161385
347.2,3.216,41.42030086,2.15000639,0.47,2018-11-07 15:08:38,vir_3292_pie,1.0,1.7169443342553043,1.7169443342553043
39.2,3.216,41.42031197,2.15002069,1.55,2018-11-07 15:08:39,vir_3292_pie,1.0,1.5920921660172622,1.5920921660172622
38.8,3.216,41.4203215,2.15003494,0.42,2018-11-07 15:08:40,vir_3292_pie,1.0,1.2713073103039647,1.2713073103039647
35.4,3.216,41.42032954,2.15004578,0.88,2018-11-07 15:08:41,vir_3292_pie,1.0,1.765373755450915,1.765373755450915
20.0,3.216,41.42034262,2.15005778,1.27,2018-11-07 15:08:42,vir_3292_pie,1.0,1.5551921867488023,1.5551921867488023
26.9,4.288,41.42035398,2.15006866,0.69,2018-11-07 15:08:43,vir_3292_pie,1.0,0.924740054090711,0.924740054090711
19.9,4.288,41.42036085,2.15007491,0.35,2018-11-07 15:08:44,vir_3292_pie,1.0,0.7539690385457354,0.7539690385457354
348.2,5.36,41.42036728,2.15007778,0.4,2018-11-07 15:08:45,vir_3292_pie,1.0,1.1807649273473388,1.1807649273473388
309.7,6.432,41.42037755,2.15007418,0.93,2018-11-07 15:08:46,vir_3292_pie,1.0,0.904153562932019,0.904153562932019
330.6,5.36,41.42038568,2.15007437,0.38,2018-11-07 15:08:47,vir_3292_pie,1.0,1.4507497694950198,1.4507497694950198
0.0,5.36,41.42039512,2.15008638,0.0,2018-11-07 15:08:48,vir_3292_pie,1.0,0.8028902837857781,0.8028902837857781
0.0,6.432,41.4204006,2.15009265,0.0,2018-11-07 15:08:49,vir_3292_pie,1.0,0.6828204506672447,0.6828204506672447
0.0,6.432,41.42040592,2.15009674,0.0,2018-11-07 15:08:50,vir_3292_pie,1.0,1.196913725189259,1.196913725189259
2.1,7.504,41.42041601,2.15010174,1.06,2018-11-07 15:08:51,vir_3292_pie,1.0,1.2271197811734242,1.2271197811734242
33.6,7.504,41.42042645,2.15010651,0.62,2018-11-07 15:08:52,vir_3292_pie,1.0,1.0657946642442064,1.0657946642442064
43.6,7.504,41.42043384,2.15011465,0.6,2018-11-07 15:08:53,vir_3292_pie,1.0,1.1232298627105792,1.1232298627105792
57.9,7.504,41.42044049,2.15012479,0.85,2018-11-07 15:08:54,vir_3292_pie,1.0,1.0528781427458538,1.0528781427458538
61.1,6.432,41.42044499,2.1501359,0.39,2018-11-07 15:08:55,vir_3292_pie,1.0,1.1105978095646574,1.1105978095646574
52.6,6.432,41.42045168,2.15014579,0.78,2018-11-07 15:08:56,vir_3292_pie,1.0,0.8897755451668301,0.8897755451668301
56.3,7.504,41.42045722,2.15015349,0.27,2018-11-07 15:08:57,vir_3292_pie,1.0,0.4637010492237225,0.4637010492237225
99.4,7.504,41.4204593,2.15015831,0.56,2018-11-07 15:08:58,vir_3292_pie,1.0,0.8923686171036925,0.8923686171036925
242.3,7.504,41.42046137,2.15014797,1.32,2018-11-07 15:08:59,vir_3292_pie,1.0,1.2266494861795256,1.2266494861795256
279.7,8.576,41.42046537,2.15013426,0.79,2018-11-07 15:09:00,vir_3292_pie,1.0,1.6862203250953027,1.6862203250953027
311.5,9.648001,41.42047743,2.150122,1.31,2018-11-07 15:09:01,vir_3292_pie,1.0,1.6892786681363796,1.6892786681363796
345.6,9.648001,41.42049222,2.15011737,1.13,2018-11-07 15:09:02,vir_3292_pie,1.0,1.1472606110030636,1.1472606110030636
6.0,9.648001,41.42050124,2.15012405,0.65,2018-11-07 15:09:03,vir_3292_pie,1.0,1.148186503599068,1.148186503599068
59.7,8.576,41.42050499,2.15013688,0.82,2018-11-07 15:09:04,vir_3292_pie,1.0,2.4279710435658,2.4279710435658
0.0,7.504,41.42049779,2.15016437,0.0,2018-11-07 15:09:05,vir_3292_pie,1.0,0.6715599755522463,0.6715599755522463
0.0,8.576,41.42049871,2.15017233,0.0,2018-11-07 15:09:06,vir_3292_pie,1.0,1.1171073738128605,1.1171073738128605
68.7,9.648001,41.42050307,2.1501844,1.03,2018-11-07 15:09:07,vir_3292_pie,1.0,1.0177276790391847,1.0177276790391847
46.5,7.504,41.42050634,2.1501958,0.54,2018-11-07 15:09:08,vir_3292_pie,1.0,0.5428718522617165,0.5428718522617165
21.4,8.576,41.42050863,2.15020155,0.24,2018-11-07 15:09:09,vir_3292_pie,1.0,0.8531416673076196,0.8531416673076196
29.4,8.576,41.42051081,2.15021136,0.68,2018-11-07 15:09:10,vir_3292_pie,1.0,0.8486437975844617,0.8486437975844617
8.5,8.576,41.42051287,2.15022116,0.49,2018-11-07 15:09:11,vir_3292_pie,1.0,0.8845554408902754,0.8845554408902754
331.4,7.504,41.4205203,2.15021737,0.68,2018-11-07 15:09:12,vir_3292_pie,1.0,0.6581187265743975,0.6581187265743975
323.6,7.504,41.42052618,2.15021647,0.56,2018-11-07 15:09:13,vir_3292_pie,1.0,1.0030063123446424,1.0030063123446424
354.0,6.432,41.4205352,2.15021656,0.91,2018-11-07 15:09:14,vir_3292_pie,1.0,0.7243221800446431,0.7243221800446431
5.5,7.504,41.42054153,2.15021861,0.3,2018-11-07 15:09:15,vir_3292_pie,1.0,0.653557957219213,0.653557957219213
331.2,7.504,41.42054729,2.15021705,0.3,2018-11-07 15:09:16,vir_3292_pie,1.0,0.4991736889167854,0.4991736889167854
246.5,6.432,41.42055039,2.15021272,0.46,2018-11-07 15:09:17,vir_3292_pie,1.0,0.20963548021535042,0.20963548021535042
212.2,6.432,41.42054932,2.15021065,0.51,2018-11-07 15:09:18,vir_3292_pie,3.0,0.3460734685114182,0.1153578228371394
295.6,5.36,41.42055243,2.15021049,0.48,2018-11-07 15:09:21,vir_3292_pie,1.0,0.7002510940287369,0.7002510940287369
304.6,5.36,41.42055872,2.15021008,0.74,2018-11-07 15:09:22,vir_3292_pie,1.0,1.0397451815907701,1.0397451815907701
334.3,4.288,41.420568,2.15021161,0.84,2018-11-07 15:09:23,vir_3292_pie,1.0,1.7346458654773336,1.7346458654773336
341.3,5.36,41.4205836,2.15021166,1.5,2018-11-07 15:09:24,vir_3292_pie,1.0,1.8640097762501637,1.8640097762501637
1.4,5.36,41.42059988,2.15021699,1.11,2018-11-07 15:09:25,vir_3292_pie,1.0,1.8590248678970038,1.8590248678970038
7.1,4.288,41.4206156,2.15022458,1.37,2018-11-07 15:09:26,vir_3292_pie,1.0,1.786774311302478,1.786774311302478
21.0,5.36,41.42063061,2.15023223,1.14,2018-11-07 15:09:27,vir_3292_pie,1.0,1.5065524897641758,1.5065524897641758
14.7,6.432,41.42064303,2.15023945,1.05,2018-11-07 15:09:28,vir_3292_pie,1.0,0.8156432593796908,0.8156432593796908
13.8,5.36,41.42065024,2.15024125,0.25,2018-11-07 15:09:29,vir_3292_pie,1.0,0.8801842207185161,0.8801842207185161
330.3,5.36,41.42065729,2.15023645,1.03,2018-11-07 15:09:30,vir_3292_pie,1.0,1.2153223414355798,1.2153223414355798
281.5,4.288,41.42066423,2.15022519,0.97,2018-11-07 15:09:31,vir_3292_pie,1.0,1.140630905236121,1.140630905236121
269.9,4.288,41.4206674,2.15021218,0.92,2018-11-07 15:09:32,vir_3292_pie,1.0,0.9853107501746575,0.9853107501746575
265.9,4.288,41.42066984,2.15020082,0.47,2018-11-07 15:09:33,vir_3292_pie,1.0,0.7383064740575924,0.7383064740575924
242.9,4.288,41.42066904,2.15019203,0.56,2018-11-07 15:09:34,vir_3292_pie,1.0,1.292638097093665,1.292638097093665
261.8,4.288,41.42067113,2.15017678,1.13,2018-11-07 15:09:35,vir_3292_pie,1.0,1.1944398626021848,1.1944398626021848
276.2,3.216,41.42067556,2.15016373,0.5,2018-11-07 15:09:36,vir_3292_pie,1.0,1.1255376316286665,1.1255376316286665
294.2,3.216,41.42068066,2.15015207,0.72,2018-11-07 15:09:37,vir_3292_pie,1.0,1.1684954847202587,1.1684954847202587
292.6,3.216,41.42068557,2.15013968,0.67,2018-11-07 15:09:38,vir_3292_pie,1.0,0.9298057986081141,0.9298057986081141
270.7,3.216,41.42068812,2.15012906,0.44,2018-11-07 15:09:39,vir_3292_pie,1.0,1.059140388231771,1.059140388231771
252.2,3.216,41.42068794,2.15011636,1.02,2018-11-07 15:09:40,vir_3292_pie,1.0,1.349083223219257,1.349083223219257
244.8,4.288,41.4206869,2.15010024,0.98,2018-11-07 15:09:41,vir_3292_pie,1.0,1.3571091431023359,1.3571091431023359
259.7,3.216,41.42068853,2.15008411,0.93,2018-11-07 15:09:42,vir_3292_pie,1.0,1.5536412716054502,1.5536412716054502
276.0,3.216,41.42069303,2.15006647,1.12,2018-11-07 15:09:43,vir_3292_pie,1.0,1.3090633071945457,1.3090633071945457
287.1,3.216,41.42069938,2.15005325,0.42,2018-11-07 15:09:44,vir_3292_pie,1.0,1.0315464599556223,1.0315464599556223
203.6,3.216,41.42069182,2.15004608,2.13,2018-11-07 15:09:45,vir_3292_pie,1.0,1.055976717685355,1.055976717685355
185.4,3.216,41.42068378,2.15003934,0.75,2018-11-07 15:09:46,vir_3292_pie,1.0,0.5410820521067676,0.5410820521067676
191.7,3.216,41.4206808,2.15003421,0.75,2018-11-07 15:09:47,vir_3292_pie,1.0,0.5298492183906077,0.5298492183906077
227.8,3.216,41.42067804,2.15002903,0.64,2018-11-07 15:09:48,vir_3292_pie,1.0,0.6767423183388545,0.6767423183388545
250.6,3.216,41.42067937,2.15002111,0.59,2018-11-07 15:09:49,vir_3292_pie,1.0,0.6609716789149803,0.6609716789149803
272.1,3.216,41.42068274,2.15001458,0.26,2018-11-07 15:09:50,vir_3292_pie,1.0,0.9169300746031719,0.9169300746031719
0.0,3.216,41.42068967,2.15000862,0.0,2018-11-07 15:09:51,vir_3292_pie,1.0,0.5794888200451028,0.5794888200451028
0.0,3.216,41.4206945,2.15000601,0.0,2018-11-07 15:09:52,vir_3292_pie,1.0,0.5260258687715074,0.5260258687715074
0.0,3.216,41.42069839,2.15000242,0.0,2018-11-07 15:09:53,vir_3292_pie,1.0,0.2770859869083712,0.2770859869083712
0.0,3.216,41.42069879,2.14999914,0.0,2018-11-07 15:09:54,vir_3292_pie,2.0,0.3567982377309694,0.1783991188654847
0.0,3.216,41.4207011,2.14999617,0.0,2018-11-07 15:09:56,vir_3292_pie,2.0,0.42537498424624093,0.21268749212312046
0.0,3.216,41.42070027,2.14999119,0.0,2018-11-07 15:09:58,vir_3292_pie,1.0,0.3872665696039457,0.3872665696039457
0.0,3.216,41.42069724,2.1499889,0.0,2018-11-07 15:09:59,vir_3292_pie,1.0,0.256357622225092,0.256357622225092
0.0,3.216,41.42069541,2.14998703,0.0,2018-11-07 15:10:00,vir_3292_pie,1.0,0.3038507831804902,0.3038507831804902
325.7,3.216,41.42069565,2.1499834,0.16,2018-11-07 15:10:01,vir_3292_pie,1.0,0.34721280671846816,0.34721280671846816
224.9,3.216,41.42069412,2.14997977,0.26,2018-11-07 15:10:02,vir_3292_pie,1.0,0.27430175643471305,0.27430175643471305
225.3,4.288,41.42069215,2.14997779,0.15,2018-11-07 15:10:03,vir_3292_pie,1.0,0.2782207759660413,0.2782207759660413
0.0,4.288,41.42069413,2.14997575,0.0,2018-11-07 15:10:04,vir_3292_pie,1.0,0.875311395384698,0.875311395384698
0.0,4.288,41.42070188,2.14997391,0.0,2018-11-07 15:10:05,vir_3292_pie,1.0,0.43339070366654503,0.43339070366654503
0.0,4.288,41.42070574,2.14997319,0.0,2018-11-07 15:10:06,vir_3292_pie,2.0,0.4935018557902189,0.24675092789510944
0.0,4.288,41.42070921,2.1499695,0.0,2018-11-07 15:10:08,vir_3292_pie,1.0,0.29590614006325644,0.29590614006325644
239.6,3.216,41.42071098,2.14996685,0.23,2018-11-07 15:10:09,vir_3292_pie,2.0,1.2010382566469329,0.6005191283234664
0.0,3.216,41.42072082,2.14996091,0.0,2018-11-07 15:10:11,vir_3292_pie,1.0,0.32980823542919835,0.32980823542919835
348.8,3.216,41.42072372,2.14996008,0.22,2018-11-07 15:10:12,vir_3292_pie,2.0,0.6273538085561153,0.31367690427805767
0.0,4.288,41.42072847,2.14995602,0.0,2018-11-07 15:10:14,vir_3292_pie,2.0,0.5441911395802956,0.2720955697901478
357.5,4.288,41.42073324,2.14995456,0.44,2018-11-07 15:10:16,vir_3292_pie,1.0,0.6244095134943402,0.6244095134943402
0.0,3.216,41.42073879,2.1499557,0.0,2018-11-07 15:10:17,vir_3292_pie,1.0,0.3955955748816901,0.3955955748816901
0.0,3.216,41.42074154,2.14995871,0.0,2018-11-07 15:10:18,vir_3292_pie,1.0,0.304340288077893,0.304340288077893
6.7,3.216,41.42074343,2.14996135,0.36,2018-11-07 15:10:19,vir_3292_pie,2.0,0.4773354265198663,0.23866771325993316
0.0,3.216,41.42074739,2.14996356,0.0,2018-11-07 15:10:21,vir_3292_pie,2.0,0.2757324603541212,0.1378662301770606
0.0,3.216,41.42074535,2.14996168,0.0,2018-11-07 15:10:23,vir_3292_pie,1.0,0.258465834221082,0.258465834221082
0.0,3.216,41.42074332,2.14996319,0.0,2018-11-07 15:10:24,vir_3292_pie,2.0,0.23156937034332076,0.11578468517166038
200.0,3.216,41.42074317,2.14996596,0.25,2018-11-07 15:10:26,vir_3292_pie,2.0,0.9373220488018159,0.46866102440090796
152.8,3.216,41.42073857,2.14997538,1.02,2018-11-07 15:10:28,vir_3292_pie,1.0,0.7806257195768003,0.7806257195768003
145.1,4.288,41.42073263,2.14998037,0.74,2018-11-07 15:10:29,vir_3292_pie,1.0,0.25181590100179235,0.25181590100179235
0.0,4.288,41.42073092,2.14998235,0.0,2018-11-07 15:10:30,vir_3292_pie,2.0,0.33764762022967115,0.16882381011483558
0.0,4.288,41.42073246,2.14998584,0.0,2018-11-07 15:10:32,vir_3292_pie,1.0,0.4831451811245414,0.4831451811245414
111.7,5.36,41.42073029,2.14999086,0.46,2018-11-07 15:10:33,vir_3292_pie,1.0,0.8378084232147469,0.8378084232147469
119.5,6.432,41.42072733,2.1500001,0.71,2018-11-07 15:10:34,vir_3292_pie,1.0,1.7442942420442378,1.7442942420442378
129.5,8.576,41.4207166,2.15001536,1.4,2018-11-07 15:10:35,vir_3292_pie,1.0,0.999623608675025,0.999623608675025
130.7,5.36,41.42070912,2.15002201,0.21,2018-11-07 15:10:36,vir_3292_pie,1.0,0.38102426031194975,0.38102426031194975
153.5,5.36,41.42070635,2.15001932,0.35,2018-11-07 15:10:37,vir_3292_pie,1.0,0.39291948175962843,0.39291948175962843
0.0,5.36,41.42070624,2.15001461,0.0,2018-11-07 15:10:38,vir_3292_pie,1.0,0.6010256119028152,0.6010256119028152
275.3,5.36,41.42070928,2.15000865,0.24,2018-11-07 15:10:39,vir_3292_pie,1.0,1.2353572214492214,1.2353572214492214
328.5,6.432,41.42071771,2.149999,0.48,2018-11-07 15:10:40,vir_3292_pie,2.0,2.137504409938547,1.0687522049692735
341.3,7.504,41.42073529,2.14998863,0.4,2018-11-07 15:10:42,vir_3292_pie,1.0,0.8724077872402285,0.8724077872402285
352.9,7.504,41.4207426,2.14998483,0.62,2018-11-07 15:10:43,vir_3292_pie,2.0,0.9739633421060317,0.4869816710530159
309.8,6.432,41.42074912,2.14997703,0.45,2018-11-07 15:10:45,vir_3292_pie,1.0,0.898071860104412,0.898071860104412
251.6,6.432,41.42075212,2.14996703,0.51,2018-11-07 15:10:46,vir_3292_pie,2.0,1.5734509105667958,0.7867254552833979
252.2,10.72,41.42075259,2.14994817,0.51,2018-11-07 15:10:48,vir_3292_pie,,,
